id_cliente;nombre_cliente;apellido_cliente;correo_cliente;direccion_ip_cliente;categoria_articulo;codigo_articulo;ciudad_cliente;fecha
70-758;Adolphe;Potten;apottenjo@sakura.ne.jp;150.231.46.23;D;68;Nueva York;27/02/2018
84-644;Ky;Thursfield;kthursfieldit@spotify.com;0.84.183.209;A;39;San Diego;1/02/2018
44-686;Adams;Faers;afaers8t@nationalgeographic.com;29.182.78.155;D;76;Los Angeles;3/02/2018
43-626;Hersch;Dillingstone;hdillingstonebr@uiuc.edu;46.65.93.222;C;69;Phoenix;7/02/2018
37-033;Megen;Welbourn;mwelbourn9r@mtv.com;77.253.131.15;A;27;Houston;14/02/2018
95-464;Trumaine;Standeven;tstandevendr@youtu.be;159.29.176.135;D;43;Miami;17/02/2018
43-773;Jarrod;Woolsey;jwoolsey45@usda.gov;171.33.27.204;B;94;Los Angeles;24/02/2018
18-632;Murvyn;Nudd;mnuddkt@twitter.com;4.175.50.224;B;127;Miami;10/02/2018
47-089;Cassie;Orris;corris5s@discuz.net;184.35.26.103;A;81;Miami;16/02/2018
18-841;Rey;Ghidotti;rghidotti9m@tinyurl.com;46.92.10.136;A;148;Houston;13/02/2018
49-250;Tait;Atger;tatgerje@berkeley.edu;229.151.72.175;B;96;Miami;2/02/2018
06-644;Jennette;Deval;jdeval9v@free.fr;64.245.222.35;B;127;Los Angeles;11/02/2018
65-813;Kirby;Barclay;kbarclaynb@arstechnica.com;94.115.98.176;B;97;San Diego;3/02/2018
27-852;Melly;Story;mstorynp@drupal.org;119.221.29.24;B;132;Seattle;12/02/2018
33-613;Julio;Worley;jworleyb6@xinhuanet.com;16.115.164.193;A;96;Miami;17/02/2018
96-787;Georges;Hawthorn;ghawthorno6@princeton.edu;54.157.9.243;B;50;Los Angeles;15/02/2018
85-907;Shepard;Whyke;swhyke4q@upenn.edu;28.231.62.131;B;57;Los Angeles;22/02/2018
55-413;Simona;Farriar;sfarriarmp@aboutads.info;108.29.197.138;A;108;Phoenix;14/02/2018
82-643;Malynda;Shackleton;mshackletonat@google.pl;171.151.85.177;C;21;Nueva York;27/02/2018
32-968;Reine;Kindley;rkindley16@cam.ac.uk;224.62.104.237;B;50;Los Angeles;9/02/2018
32-957;Cammie;Penberthy;cpenberthy6i@altervista.org;204.112.46.14;C;101;Houston;25/02/2018
51-750;Nara;Demetr;ndemetrnk@cnbc.com;122.212.31.152;B;8;Nueva York;12/02/2018
74-669;Aguste;Frake;afrakea2@cbslocal.com;36.30.24.234;B;17;Dallas;14/02/2018
38-249;La verne;Fauning;lfauning4i@fc2.com;21.42.93.72;D;133;Orlando;1/02/2018
59-488;Tarra;Yalden;tyalden28@sogou.com;68.236.236.157;D;138;Orlando;4/02/2018
47-827;Ardra;Scrigmour;ascrigmoureb@ucoz.ru;178.131.148.41;D;125;Altanta;19/02/2018
29-588;Lindi;Moffatt;lmoffatteo@twitter.com;81.61.20.0;D;71;Phoenix;27/02/2018
22-579;Toni;Geale;tgeale8f@nature.com;205.190.85.212;B;36;Orlando;9/02/2018
06-829;Richmond;Pendock;rpendock2o@disqus.com;60.8.100.216;B;48;San Fransisco;10/02/2018
65-566;Ivonne;Yakov;iyakov2q@elpais.com;107.1.129.246;D;67;Chicago;26/02/2018
59-811;Shannon;Ovell;sovellkd@blogtalkradio.com;69.10.151.71;A;2;Dallas;21/02/2018
50-942;Catlee;Jervois;cjervois5j@unblog.fr;173.188.7.102;C;59;Denver;1/02/2018
43-729;Gus;Joist;gjoistms@umich.edu;157.56.218.38;A;37;Denver;2/02/2018
10-161;Gleda;Seligson;gseligsonap@drupal.org;152.146.255.226;D;1;Chicago;11/02/2018
94-530;Enid;Muscat;emuscatqc@addtoany.com;198.140.213.184;D;85;Chicago;8/02/2018
14-471;Ario;Kubacek;akubaceki@google.fr;62.233.157.120;B;52;Houston;3/02/2018
05-528;Davida;Corner;dcornerr2@tiny.cc;239.220.102.148;A;103;Altanta;10/02/2018
34-626;Georgie;Brecher;gbrecher24@hexun.com;109.185.5.229;C;96;Altanta;5/02/2018
82-810;Vinni;Wardesworth;vwardesworth4s@quantcast.com;63.132.114.212;B;78;Chicago;2/02/2018
03-817;Eberhard;Van de Velde;evandeveldemx@about.me;101.99.255.178;C;60;Orlando;12/02/2018
34-621;Livvyy;Scatcher;lscatcher7v@ustream.tv;130.46.71.179;C;24;Orlando;2/02/2018
11-872;Esta;Lines;elinesjg@ustream.tv;3.128.240.85;D;18;San Fransisco;3/02/2018
61-843;Hyacintha;Mayes;hmayesk8@amazon.de;183.9.207.231;D;35;Dallas;5/02/2018
30-570;Bernie;Heather;bheathera3@google.co.uk;70.198.149.96;C;14;Altanta;8/02/2018
23-254;Cheri;Entres;centresv@weibo.com;125.8.86.58;B;29;Los Angeles;1/02/2018
26-468;Hedy;Hansard;hhansard8z@live.com;161.25.21.60;C;63;Seattle;7/02/2018
22-291;Tish;Escalante;tescalantep9@dagondesign.com;46.78.182.176;B;106;Houston;3/02/2018
48-977;Sorcha;Biggadike;sbiggadike9g@woothemes.com;26.246.56.236;B;19;Orlando;6/02/2018
59-006;Jorrie;Thrasher;jthrashera1@vkontakte.ru;40.115.224.114;C;43;Chicago;2/02/2018
66-251;Shirley;O'Day;sodayk5@sina.com.cn;41.155.202.214;D;122;Altanta;2/02/2018
74-221;Hamnet;Dionisi;hdionisi7j@vk.com;215.121.210.167;B;13;Los Angeles;8/02/2018
03-241;Malva;Loffel;mloffelao@shareasale.com;130.179.192.92;A;35;Houston;23/02/2018
71-904;Kalli;Stapforth;kstapforth5@cornell.edu;126.220.232.63;C;11;Nueva York;9/02/2018
56-677;Celestyn;Perrigo;cperrigo6u@nature.com;194.126.183.209;D;5;San Diego;13/02/2018
87-176;Darice;Matiashvili;dmatiashvilion@statcounter.com;111.125.30.171;C;70;Nueva York;16/02/2018
87-310;Miles;Tytherton;mtythertonoc@goo.ne.jp;114.80.117.184;A;99;Denver;10/02/2018
38-800;Carey;Probey;cprobeyhv@facebook.com;250.3.209.144;C;91;Nueva York;17/02/2018
45-596;Anetta;Tidbury;atidburyh7@tiny.cc;180.218.181.14;A;35;Orlando;6/02/2018
56-342;Doralin;Takle;dtakle8p@dailymotion.com;95.250.192.216;A;13;Phoenix;18/02/2018
98-611;Kermit;Haddon;khaddon6d@joomla.org;117.15.171.173;B;128;Miami;8/02/2018
03-142;Vance;Longstreet;vlongstreet29@engadget.com;233.246.29.54;A;136;Houston;11/02/2018
24-777;Dodie;Chevins;dchevinsc6@goo.ne.jp;184.176.191.66;A;96;Altanta;16/02/2018
62-113;Annabel;Habershon;ahabershonhd@upenn.edu;103.112.51.68;D;65;Houston;26/02/2018
00-411;Cassey;Furmedge;cfurmedgel3@networksolutions.com;224.43.100.15;D;94;Houston;15/02/2018
01-248;Sigrid;Lardez;slardezps@nsw.gov.au;4.8.165.16;D;10;Nueva York;26/02/2018
70-138;Fremont;Munton;fmunton54@nyu.edu;233.147.223.81;B;36;Miami;18/02/2018
56-648;Wain;Joel;wjoelcq@bbb.org;43.123.62.45;B;130;San Fransisco;21/02/2018
19-811;Cherye;Tours;ctours4v@de.vu;74.184.162.98;C;27;Chicago;26/02/2018
93-823;Rockie;Rival;rrivaloo@utexas.edu;184.155.122.26;D;111;Chicago;3/02/2018
45-728;Leoine;Martinson;lmartinsonab@hud.gov;37.128.58.11;D;139;San Diego;22/02/2018
58-448;Charlena;Shervington;cshervingtone8@weather.com;255.49.200.101;C;65;Houston;12/02/2018
80-893;Cariotta;Karlsen;ckarlsenai@usgs.gov;6.175.100.56;A;102;Chicago;21/02/2018
40-049;Rance;Schneidar;rschneidardn@slideshare.net;220.160.200.139;D;74;Denver;18/02/2018
26-820;Tamqrah;Gostyke;tgostykeku@mysql.com;123.240.40.130;B;20;Denver;24/02/2018
26-237;Ainsley;Whapples;awhapples4y@cbslocal.com;111.22.35.181;A;147;Phoenix;12/02/2018
28-222;Alon;Ruggieri;aruggieri2x@a8.net;60.145.65.211;D;48;Nueva York;22/02/2018
87-170;Hilary;Grandham;hgrandhamna@tripod.com;53.0.101.15;C;84;Los Angeles;7/02/2018
08-017;Hale;Keppin;hkeppinqx@unblog.fr;49.227.228.107;C;1;Denver;23/02/2018
00-521;Elinor;Hamblett;ehamblettik@behance.net;146.77.150.192;B;9;Seattle;3/02/2018
76-933;Sibeal;Hovert;shovertjn@livejournal.com;62.177.28.120;A;50;Orlando;4/02/2018
15-521;Alecia;Shobbrook;ashobbrookrm@vk.com;76.177.224.62;A;143;Dallas;23/02/2018
55-525;Janna;Bagger;jbagger76@utexas.edu;210.12.155.74;C;141;Houston;11/02/2018
36-807;Kit;Catteroll;kcatteroll3q@hugedomains.com;91.27.242.1;C;14;Altanta;21/02/2018
54-035;Adele;Shyre;ashyrejd@mozilla.org;225.175.97.138;A;101;Altanta;21/02/2018
24-343;Alisander;Dahlman;adahlman7k@bloglovin.com;236.124.69.108;D;88;Nueva York;6/02/2018
54-608;Cody;Bowser;cbowserfg@indiatimes.com;55.136.65.148;C;64;Chicago;16/02/2018
02-454;Deva;Perel;dperel7b@dailymail.co.uk;39.215.32.120;A;94;Denver;13/02/2018
52-657;Wilt;Graeme;wgraeme1o@nhs.uk;114.132.75.126;B;31;Dallas;12/02/2018
25-506;Deb;Cottle;dcottlejx@example.com;196.58.47.129;A;124;Los Angeles;14/02/2018
60-058;Katie;Morteo;kmorteoov@soundcloud.com;130.8.248.216;C;66;Seattle;3/02/2018
00-611;Hetty;Robion;hrobion3m@zdnet.com;183.109.180.10;A;132;Los Angeles;23/02/2018
57-229;Nancy;Garrard;ngarrard3i@tmall.com;187.101.121.199;C;80;Denver;5/02/2018
88-125;Emylee;Chumley;echumleybn@edublogs.org;139.184.0.26;D;14;Seattle;7/02/2018
30-005;Yulma;McChesney;ymcchesneymd@topsy.com;53.237.115.57;C;54;Nueva York;14/02/2018
74-482;Grissel;Tupling;gtuplingpc@marketwatch.com;175.170.118.90;C;33;San Fransisco;15/02/2018
06-382;Lauri;Harkness;lharknessmh@senate.gov;59.184.160.233;C;75;Altanta;17/02/2018
79-107;Olympe;Ferrucci;oferruccikp@narod.ru;145.193.3.118;C;126;Dallas;26/02/2018
00-406;Willard;Flippen;wflippen1h@uiuc.edu;205.220.181.17;C;77;San Diego;13/02/2018
49-369;Adler;Lathbury;alathburykf@virginia.edu;214.221.21.92;A;27;Dallas;27/02/2018
79-828;Missie;McGoldrick;mmcgoldrickme@macromedia.com;146.129.188.104;C;136;Seattle;16/02/2018
07-852;Skipton;Allmark;sallmarkbi@youku.com;246.12.196.2;B;71;Miami;16/02/2018
76-509;Barbra;Smurfit;bsmurfit3@kickstarter.com;127.107.221.101;A;21;Chicago;1/02/2018
67-434;Damiano;McGurgan;dmcgurganji@livejournal.com;73.202.84.74;B;54;Altanta;5/02/2018
21-465;Amandy;Aingel;aaingel9q@pbs.org;24.252.4.233;B;74;Seattle;15/02/2018
10-429;Ange;Witten;awittenrh@myspace.com;31.130.52.247;D;109;San Diego;5/02/2018
69-763;Venita;Meredith;vmeredith5d@disqus.com;182.106.162.144;D;1;Phoenix;14/02/2018
59-668;Loria;Gurwood;lgurwoodmo@rambler.ru;100.230.251.219;A;9;Phoenix;5/02/2018
88-183;Jorrie;Roxburch;jroxburchic@constantcontact.com;156.167.199.96;C;133;Orlando;17/02/2018
04-287;Sergent;Slessar;sslessarad@networkadvertising.org;209.150.213.208;C;52;Phoenix;19/02/2018
25-322;Beverlee;Gatheridge;bgatheridge4r@prlog.org;189.71.39.228;A;6;Dallas;12/02/2018
83-803;Jonathon;Yeld;jyeldgp@google.com;120.81.132.52;B;69;San Fransisco;5/02/2018
35-671;Marylou;Hattrick;mhattrickbo@friendfeed.com;2.8.162.204;D;59;Denver;17/02/2018
77-781;Wileen;Hammerich;whammerichk1@nps.gov;106.101.161.56;A;29;Altanta;25/02/2018
58-718;Teddi;Urch;turch3h@addthis.com;28.248.180.93;C;2;Seattle;17/02/2018
86-543;Tawnya;Tansley;ttansleycj@yandex.ru;117.175.39.104;C;20;Los Angeles;11/02/2018
89-968;Felike;Maydway;fmaydway8o@issuu.com;177.229.169.32;A;112;San Diego;20/02/2018
34-871;Adela;Kilcullen;akilcullenj5@1688.com;110.201.133.73;A;53;Miami;18/02/2018
75-272;Dominica;Hallock;dhallock6p@wisc.edu;149.162.232.146;D;89;Altanta;24/02/2018
52-648;Riannon;McCaughren;rmccaughrenkm@google.es;48.151.87.35;A;137;San Fransisco;14/02/2018
55-887;Christan;Dumsday;cdumsdayn6@ning.com;150.216.98.68;C;71;Chicago;17/02/2018
85-181;Dar;Giacobo;dgiacobo2w@wunderground.com;253.20.41.213;B;64;Seattle;22/02/2018
00-780;Fern;Pershouse;fpershousekv@howstuffworks.com;237.226.113.14;C;28;Nueva York;16/02/2018
38-292;Alysa;Arrighi;aarrighi6y@blogspot.com;137.13.53.200;B;85;Phoenix;24/02/2018
30-485;Chandler;Eathorne;ceathorne9p@craigslist.org;114.55.89.246;A;107;Miami;7/02/2018
88-521;Marsha;Billin;mbillinhg@tripadvisor.com;239.25.104.54;A;60;Chicago;27/02/2018
35-978;Maurise;Carlozzi;mcarlozziln@google.co.jp;64.76.133.101;D;9;Chicago;8/02/2018
53-491;Ilsa;Strafford;istraffordoe@cbslocal.com;36.134.164.121;B;103;Los Angeles;22/02/2018
30-189;Lionel;Fishbourn;lfishbourn3e@microsoft.com;97.63.199.7;B;11;Dallas;1/02/2018
81-103;Kelvin;Sultana;ksultana39@1und1.de;188.172.14.68;A;34;Dallas;24/02/2018
68-931;Milena;Nitto;mnittob1@nymag.com;125.106.71.129;B;100;Miami;24/02/2018
68-639;Lyell;Kiezler;lkiezlerrd@census.gov;125.72.13.221;A;59;San Fransisco;9/02/2018
58-020;Yolande;Hadlington;yhadlingtonbe@usa.gov;93.97.214.156;D;53;Dallas;26/02/2018
61-127;Erminie;Ferreo;eferreoef@shinystat.com;85.185.57.236;B;113;Los Angeles;6/02/2018
20-979;Zak;Del Castello;zdelcastellok6@360.cn;47.33.90.95;A;31;Phoenix;26/02/2018
60-024;Rubetta;McRuvie;rmcruvie9x@moonfruit.com;13.236.149.140;C;71;Los Angeles;25/02/2018
45-679;Rozele;Barnham;rbarnham1k@chron.com;39.152.90.185;A;147;Houston;13/02/2018
56-759;Yvon;Dyerson;ydyersonr3@ow.ly;74.37.228.36;A;73;San Diego;11/02/2018
48-976;Marybeth;Limeburner;mlimeburnerfn@merriam-webster.com;202.156.185.69;A;15;Phoenix;25/02/2018
70-934;Oliver;Seals;osealsk9@smh.com.au;15.234.21.94;A;128;Altanta;10/02/2018
01-064;Greta;Scoffham;gscoffham5v@prweb.com;81.157.88.78;B;79;Orlando;19/02/2018
41-406;Jeramey;Hallowes;jhallowes6e@gizmodo.com;74.255.228.238;B;57;Phoenix;15/02/2018
64-431;Jackie;De Bruyne;jdebruyne91@sfgate.com;1.99.228.144;B;103;Dallas;3/02/2018
81-058;Crista;Breslane;cbreslanehj@sun.com;63.22.52.15;A;115;Seattle;3/02/2018
75-944;Shea;Portail;sportailqo@wufoo.com;28.35.216.150;D;52;Phoenix;11/02/2018
53-561;Kinnie;Vanshin;kvanshinaz@prnewswire.com;75.33.106.10;B;133;Miami;16/02/2018
39-529;Alejandro;Kreuzer;akreuzerqh@whitehouse.gov;136.210.209.132;A;98;Phoenix;1/02/2018
65-830;Clementius;Peterffy;cpeterffylp@google.co.uk;37.206.216.238;D;42;Phoenix;16/02/2018
17-294;Bevan;Janodet;bjanodetmv@wp.com;14.0.237.173;D;18;Phoenix;23/02/2018
88-955;Mag;Sallows;msallowsjr@adobe.com;92.78.188.168;C;92;Houston;19/02/2018
89-738;Florette;Corris;fcorrish2@hugedomains.com;19.33.140.137;C;122;Seattle;8/02/2018
58-649;Jayson;Tukesby;jtukesbyqw@sitemeter.com;164.59.2.27;A;95;Altanta;6/02/2018
03-720;Natalie;McCullough;nmcculloughr4@tamu.edu;68.238.164.221;D;77;Dallas;9/02/2018
27-143;Davon;Gabbitis;dgabbitisaa@ameblo.jp;161.200.15.117;C;144;Miami;1/02/2018
55-905;Alexio;Reck;areckee@cornell.edu;181.189.187.94;A;72;Chicago;3/02/2018
56-207;Dennie;Angel;dangel8v@theguardian.com;166.123.138.60;A;36;San Diego;10/02/2018
21-383;Granville;Jozef;gjozef7d@flavors.me;146.203.237.150;D;98;Chicago;6/02/2018
17-875;Milissent;Hallmark;mhallmark5z@yale.edu;62.119.178.147;A;84;Los Angeles;11/02/2018
17-429;Wylma;Stolworthy;wstolworthyo4@cafepress.com;194.174.253.158;A;36;Chicago;18/02/2018
27-701;Hamil;Fellowes;hfellowesou@typepad.com;29.127.212.63;C;20;Chicago;21/02/2018
16-838;Malory;Sutterfield;msutterfieldd2@skype.com;0.23.66.71;C;130;San Diego;2/02/2018
50-770;Jervis;Jerrome;jjerromebb@tmall.com;18.55.184.14;D;4;Los Angeles;5/02/2018
94-617;Darsey;Landeaux;dlandeauxfv@google.com.hk;191.253.176.225;A;39;Los Angeles;7/02/2018
46-275;Ara;Eul;aeulal@ucoz.com;10.53.239.18;C;150;Orlando;21/02/2018
26-884;Joe;Tendahl;jtendahljj@xinhuanet.com;254.251.154.146;C;19;Houston;14/02/2018
30-001;Merrielle;Jeff;mjeffdg@examiner.com;82.234.109.146;C;37;Denver;8/02/2018
38-361;Aime;Cracknell;acrackneller@chronoengine.com;237.200.203.6;B;90;Orlando;12/02/2018
83-127;Elna;Ivoshin;eivoshinmz@indiegogo.com;52.56.207.103;B;137;Nueva York;23/02/2018
35-927;Dorotea;Overil;doveril70@fema.gov;186.13.255.138;D;94;Orlando;8/02/2018
78-165;Gauthier;Roderighi;groderighioz@seesaa.net;130.2.80.34;D;35;San Diego;19/02/2018
10-779;Ripley;Lemmertz;rlemmertzh6@google.ru;117.121.162.244;B;16;San Fransisco;8/02/2018
53-835;Ellen;Wernher;ewernhergs@imdb.com;218.96.72.44;C;113;Los Angeles;14/02/2018
28-940;Phillida;Hurle;phurleas@ezinearticles.com;162.72.80.188;B;102;Nueva York;7/02/2018
72-120;Corliss;Cockson;ccocksonq0@patch.com;22.140.142.201;D;133;Orlando;13/02/2018
78-940;Patten;Foxworthy;pfoxworthyfs@com.com;202.82.31.165;D;25;Orlando;6/02/2018
15-772;Jourdan;Fullick;jfullickh3@toplist.cz;174.186.45.10;A;80;Miami;6/02/2018
47-608;Justin;Pyatt;jpyatt1z@tiny.cc;80.255.99.235;C;94;Seattle;14/02/2018
29-008;Kiley;Hankin;khankindt@bloglovin.com;132.80.198.5;C;23;Houston;16/02/2018
79-202;Patrizius;Haggus;phaggus22@businessweek.com;41.18.51.176;C;89;Miami;2/02/2018
52-584;Gallagher;Axcel;gaxcelbk@hostgator.com;57.205.76.106;C;77;Houston;4/02/2018
64-980;Kirsteni;Robardley;krobardleymq@reuters.com;225.54.173.46;B;94;Miami;24/02/2018
90-159;Jasmina;Decent;jdecentaw@goo.ne.jp;96.64.119.212;A;79;San Diego;9/02/2018
92-900;Karim;Mackett;kmackett5u@census.gov;61.25.11.33;C;77;Altanta;7/02/2018
97-338;Kippy;Welbourn;kwelbourn32@hostgator.com;255.216.104.224;D;33;Denver;20/02/2018
42-210;Derek;Dumblton;ddumbltonpz@java.com;208.111.59.159;B;83;Miami;23/02/2018
10-943;Patin;Limeburn;plimeburn86@eventbrite.com;157.227.191.93;A;137;San Diego;6/02/2018
65-041;Erin;Whifen;ewhifenqg@jimdo.com;3.211.191.226;C;87;Houston;5/02/2018
61-254;Neils;Melsome;nmelsomen0@twitpic.com;45.172.157.10;D;54;San Fransisco;16/02/2018
16-095;Cele;Vinall;cvinall2z@wufoo.com;128.34.201.195;A;56;Dallas;18/02/2018
89-437;Ronni;Veque;rvequeaf@sbwire.com;5.199.238.9;B;91;Nueva York;16/02/2018
96-592;Charity;Thon;cthonk0@cnet.com;157.48.228.151;B;65;Nueva York;9/02/2018
11-656;Dudley;Rentoll;drentolllx@w3.org;133.250.139.125;D;43;Seattle;14/02/2018
25-202;Lorri;Rumbold;lrumboldqa@accuweather.com;229.131.125.10;C;83;Houston;23/02/2018
05-317;Rochette;Aspole;raspolemt@telegraph.co.uk;144.91.62.155;D;1;Nueva York;10/02/2018
86-793;Pieter;Wraighte;pwraightef@blinklist.com;4.160.71.218;D;116;Seattle;5/02/2018
03-587;Efrem;Clewes;eclewescg@taobao.com;235.218.112.138;B;18;Seattle;16/02/2018
35-935;Joleen;McCarrick;jmccarrickka@tumblr.com;198.171.196.45;D;29;Phoenix;4/02/2018
22-407;Randi;Deverall;rdeverall20@jigsy.com;252.142.244.76;B;122;Nueva York;7/02/2018
95-563;Blondelle;Lingard;blingardar@tinyurl.com;167.61.108.103;C;106;Nueva York;12/02/2018
78-461;Meredith;Tubritt;mtubritt82@acquirethisname.com;156.243.82.233;B;105;Nueva York;17/02/2018
08-799;Kylie;Rutherford;krutherfordj7@addthis.com;185.106.95.228;A;2;Orlando;12/02/2018
65-614;Willamina;Hedgecock;whedgecock1p@youtu.be;1.219.221.17;D;135;Miami;3/02/2018
13-907;Laurel;Lowy;llowy5k@smugmug.com;149.110.186.197;C;36;Denver;3/02/2018
90-471;Leupold;Norcott;lnorcottf8@a8.net;184.64.168.4;A;3;Seattle;12/02/2018
89-353;Beale;Boards;bboards3k@last.fm;97.147.103.154;A;106;Orlando;22/02/2018
07-769;Euell;Wathen;ewatheniq@spiegel.de;125.53.39.126;A;6;Altanta;19/02/2018
67-993;Olympie;Dible;odible5n@posterous.com;153.97.130.28;C;85;San Fransisco;20/02/2018
73-607;Matilde;Wildblood;mwildblooday@elpais.com;225.213.70.59;C;54;Phoenix;13/02/2018
50-944;Dame;Tooke;dtooke9j@g.co;149.4.154.95;A;37;Houston;5/02/2018
07-261;Winny;Skerman;wskermangg@surveymonkey.com;122.26.50.134;A;33;Houston;10/02/2018
17-573;Gus;Tirrey;gtirrey3j@fda.gov;67.26.92.55;C;103;Chicago;15/02/2018
09-716;Steward;Beames;sbeamespa@ebay.co.uk;98.3.149.27;D;76;Miami;20/02/2018
05-677;Rivy;Popov;rpopovoh@yahoo.co.jp;232.173.208.223;C;110;Altanta;26/02/2018
77-205;Eva;Mc Queen;emcqueenlj@imageshack.us;181.80.189.93;C;29;Nueva York;15/02/2018
62-784;Gaelan;Staten;gstatenlk@wunderground.com;5.94.155.177;A;35;Altanta;16/02/2018
30-088;Matthieu;Varley;mvarleylh@uol.com.br;80.157.214.154;B;61;Altanta;18/02/2018
34-027;Thea;Timblett;ttimblettgw@prweb.com;125.200.11.6;D;35;Orlando;23/02/2018
50-892;Ruggiero;Tuxell;rtuxellc7@gmpg.org;188.214.49.209;D;140;Chicago;10/02/2018
71-503;Lonny;Matthesius;lmatthesiusnx@deliciousdays.com;48.39.222.137;B;34;Denver;23/02/2018
23-132;Sher;Stratten;sstrattend9@yale.edu;74.153.31.79;A;133;Miami;14/02/2018
10-318;Kerwin;Pilipets;kpilipetsmi@yellowbook.com;245.148.32.159;A;31;Seattle;18/02/2018
50-481;Farrand;Kingsworth;fkingsworth2r@bbb.org;112.107.32.90;D;64;Nueva York;22/02/2018
10-915;Baldwin;Ert;bertfx@forbes.com;35.137.104.169;D;22;Miami;22/02/2018
68-654;Thornton;Scotchford;tscotchfordde@columbia.edu;176.107.108.136;B;133;Denver;4/02/2018
23-481;Neile;Errol;nerrolc5@biblegateway.com;238.178.117.92;A;14;San Fransisco;11/02/2018
12-172;Page;Luckin;pluckinfr@howstuffworks.com;234.94.147.133;D;67;San Fransisco;8/02/2018
01-142;Frederica;Hunston;fhunstonbd@newsvine.com;51.149.18.201;B;75;Altanta;10/02/2018
25-650;Chad;Gregoli;cgregoli3s@nba.com;202.203.28.36;B;44;Houston;19/02/2018
17-783;Josy;Luscombe;jluscombe80@sfgate.com;182.143.32.57;D;69;Los Angeles;25/02/2018
79-312;Stavros;Quarrington;squarringtonoj@domainmarket.com;42.205.135.231;D;150;Denver;24/02/2018
59-568;Aldous;O'Scully;aoscullybj@java.com;199.130.247.183;B;91;San Diego;9/02/2018
72-097;Candice;Russel;crusselnz@oakley.com;0.9.136.73;C;62;Phoenix;13/02/2018
72-124;Georges;McGinly;gmcginly1@harvard.edu;38.235.212.119;A;79;Miami;16/02/2018
88-679;Caitrin;Klimowicz;cklimowicz37@usa.gov;252.122.186.193;C;126;Altanta;22/02/2018
13-162;Krishnah;Plumley;kplumley7l@pen.io;83.81.247.38;D;38;Miami;12/02/2018
26-282;Ealasaid;Kivelhan;ekivelhankk@list-manage.com;20.89.137.43;B;113;Denver;17/02/2018
72-601;Oswell;Argente;oargentejv@topsy.com;117.13.203.199;C;71;Houston;20/02/2018
17-533;Graehme;Gurry;ggurryce@uol.com.br;73.90.116.112;A;111;Denver;27/02/2018
62-448;Faydra;Votier;fvotieru@livejournal.com;166.56.211.11;D;45;Chicago;21/02/2018
26-247;Kath;Megroff;kmegroff4e@addthis.com;111.57.82.135;D;105;San Diego;13/02/2018
21-507;Bone;Hearst;bhearsth0@posterous.com;138.227.63.6;B;100;Houston;5/02/2018
39-157;Marcille;Earnshaw;mearnshaw42@home.pl;1.14.217.55;B;97;Nueva York;16/02/2018
32-868;Cam;Meikle;cmeikle7t@cornell.edu;6.216.72.19;B;141;Houston;2/02/2018
36-608;Jeramey;McFadzean;jmcfadzeanh1@npr.org;19.22.120.174;C;35;Chicago;16/02/2018
30-744;Pete;Garwood;pgarwoodpu@hostgator.com;125.237.194.205;D;60;Seattle;13/02/2018
63-172;Ricky;Braycotton;rbraycottona7@wiley.com;177.64.183.127;A;87;Chicago;8/02/2018
40-518;Jephthah;Costy;jcostypw@ed.gov;81.103.84.148;C;124;Chicago;9/02/2018
20-261;Bertie;Ebourne;bebourneha@vk.com;182.175.69.140;B;144;San Fransisco;9/02/2018
00-894;Imelda;Twinborough;itwinboroughc3@redcross.org;185.27.27.144;C;75;San Diego;15/02/2018
34-522;Jobi;Kolodziej;jkolodziejlu@sun.com;66.231.217.34;B;20;Chicago;7/02/2018
02-893;Bartholomew;Larimer;blarimerho@i2i.jp;106.33.62.140;B;79;Nueva York;27/02/2018
31-029;Hamlen;Gilbart;hgilbartjb@ca.gov;34.87.161.229;B;55;San Diego;22/02/2018
68-188;Myca;Dowsey;mdowsey2p@springer.com;183.100.22.191;A;146;San Diego;25/02/2018
36-944;Geno;Philippet;gphilippet8g@printfriendly.com;121.229.216.242;B;44;Orlando;11/02/2018
60-099;Forrest;Buffy;fbuffycv@narod.ru;37.219.194.5;C;74;Los Angeles;20/02/2018
05-436;Rhys;Jenckes;rjenckesau@tamu.edu;14.3.129.179;B;51;Houston;2/02/2018
95-279;Tommy;Beushaw;tbeushawb@livejournal.com;246.33.69.243;A;38;San Diego;16/02/2018
62-542;Rosemary;Gleder;rgleder47@webs.com;225.142.177.28;D;54;Chicago;3/02/2018
44-696;Travers;Shreve;tshreveh@nhs.uk;111.222.154.206;A;135;Miami;4/02/2018
62-660;Nicholle;Wong;nwong74@bizjournals.com;91.100.134.77;C;35;Miami;5/02/2018
65-727;Edeline;Akast;eakastmw@wunderground.com;212.100.223.178;C;96;Altanta;23/02/2018
64-146;Elnora;Hinkensen;ehinkensen1q@google.pl;24.179.171.93;B;63;Los Angeles;25/02/2018
10-313;Avrit;Yeude;ayeuded7@usgs.gov;105.205.245.138;C;146;Dallas;14/02/2018
97-186;Gran;Durrington;gdurrington4a@wp.com;47.226.240.53;C;54;San Fransisco;16/02/2018
82-898;Eleen;Bazelle;ebazellecz@wordpress.org;189.11.16.46;A;88;Orlando;16/02/2018
92-645;Isaak;Bouchier;ibouchierno@nasa.gov;32.88.8.35;D;84;Orlando;9/02/2018
90-906;Amandi;Lomansey;alomanseyjl@biglobe.ne.jp;27.93.124.2;C;140;Miami;11/02/2018
58-941;Guglielmo;Olenov;golenovez@newsvine.com;3.118.60.52;A;134;Miami;24/02/2018
54-427;Jourdain;Juanes;jjuanesgj@com.com;224.179.255.103;B;109;San Diego;6/02/2018
92-386;Garth;Curtin;gcurtinz@indiegogo.com;244.169.178.144;B;150;Los Angeles;12/02/2018
79-847;Chauncey;Bonnavant;cbonnavantg5@alexa.com;211.63.128.225;C;103;Denver;4/02/2018
02-970;Robby;Lawrinson;rlawrinsoncy@businessweek.com;218.246.141.91;B;145;San Fransisco;19/02/2018
12-689;Rip;Mogford;rmogfordc1@cnet.com;196.36.60.137;D;125;Chicago;26/02/2018
38-402;Clem;Spinige;cspinige90@slideshare.net;123.92.150.212;A;39;Dallas;2/02/2018
28-092;Nikkie;Lievesley;nlievesley2g@chicagotribune.com;118.123.31.61;B;118;Miami;8/02/2018
89-364;Duffy;Dominka;ddominkahn@dot.gov;29.70.180.174;C;115;Altanta;2/02/2018
29-586;Mavra;Aust;maust41@patch.com;77.177.91.19;D;106;Altanta;14/02/2018
02-691;Kathryn;McClurg;kmcclurgdb@lycos.com;237.226.12.69;D;79;San Diego;15/02/2018
41-817;Myrtie;Mohamed;mmohamed5w@unesco.org;235.110.26.174;C;52;Seattle;3/02/2018
03-764;Miguelita;Alyutin;malyutinjp@quantcast.com;93.226.211.21;D;10;Nueva York;15/02/2018
02-324;Blaire;Costellow;bcostellowdu@howstuffworks.com;117.18.72.62;C;4;Phoenix;25/02/2018
59-116;Mikey;Chastney;mchastney9b@yellowbook.com;179.237.191.129;D;18;Miami;7/02/2018
46-283;Mara;Cammomile;mcammomile7q@networksolutions.com;55.77.143.182;D;150;Miami;16/02/2018
78-743;Gilbert;Mawman;gmawmane0@surveymonkey.com;129.54.162.117;C;128;Miami;27/02/2018
74-989;Letisha;Filov;lfilovj8@mail.ru;91.34.97.202;A;19;San Diego;13/02/2018
74-455;Elvira;Pankhurst.;epankhurstac@miitbeian.gov.cn;3.50.121.207;A;146;Altanta;22/02/2018
29-225;Peirce;Costanza;pcostanzal1@bandcamp.com;147.77.185.10;B;142;Chicago;24/02/2018
08-712;Gan;Ivanchin;givanchinjq@facebook.com;93.200.203.61;B;149;Houston;15/02/2018
22-894;Haze;Chrestien;hchrestien7s@google.ca;112.112.131.69;C;126;Houston;4/02/2018
04-048;Gaby;Shirley;gshirleyks@icq.com;159.43.24.143;C;140;Los Angeles;20/02/2018
22-832;Elsie;Roden;erodenp2@deviantart.com;27.236.72.44;D;71;Chicago;26/02/2018
33-418;Codi;Iceton;cicetonlr@w3.org;173.233.6.106;B;38;San Diego;27/02/2018
00-050;Roy;Awcoate;rawcoate4l@taobao.com;115.112.158.108;B;87;Dallas;13/02/2018
76-430;Carmelina;Robillart;crobillart26@yellowbook.com;202.79.251.104;B;104;Altanta;24/02/2018
95-461;Michal;Youles;myoules18@yolasite.com;178.101.100.218;A;120;Chicago;11/02/2018
94-362;Maud;Basilio;mbasiliobc@slashdot.org;192.166.160.61;D;79;Los Angeles;14/02/2018
08-463;Elisha;Grist;egristm7@bandcamp.com;95.32.54.160;B;64;Phoenix;24/02/2018
02-398;Estella;Turri;eturriq8@xing.com;54.44.67.179;B;17;Miami;5/02/2018
20-753;Bernhard;Kynston;bkynstonpj@rediff.com;75.228.56.97;A;42;San Diego;15/02/2018
29-935;Judi;Durnan;jdurnanm9@diigo.com;193.87.253.40;D;146;Denver;16/02/2018
39-265;Marthe;Beaglehole;mbeagleholefq@geocities.jp;114.5.148.72;B;45;Orlando;4/02/2018
03-302;Graeme;Bugdell;gbugdellr5@earthlink.net;224.137.133.202;D;7;Nueva York;5/02/2018
56-547;Clemmie;Clemencon;cclemenconb3@senate.gov;46.223.230.58;B;79;Chicago;20/02/2018
64-604;Salome;Puddifer;spuddifer2u@reddit.com;103.185.157.65;A;53;Miami;17/02/2018
70-901;Diahann;Saines;dsainescx@over-blog.com;44.25.46.55;D;84;Denver;25/02/2018
14-506;Dorette;Gameson;dgamesonpr@apache.org;92.39.198.132;C;107;Altanta;2/02/2018
25-804;Brynne;Bawles;bbawles2i@oakley.com;58.34.234.19;B;24;Dallas;3/02/2018
48-523;Beale;Sketchley;bsketchleydv@netscape.com;7.5.32.90;A;16;Seattle;20/02/2018
07-294;Llewellyn;Gimenez;lgimenez6@wired.com;162.168.209.231;D;113;Orlando;26/02/2018
91-930;Shellysheldon;Hazzard;shazzardm@blinklist.com;161.146.149.76;D;5;Nueva York;14/02/2018
30-854;Madeleine;Lyokhin;mlyokhinne@4shared.com;51.233.155.37;A;138;Los Angeles;27/02/2018
60-883;Drugi;De Bernardis;ddebernardis52@va.gov;83.86.150.1;D;146;Houston;27/02/2018
24-800;Sully;Quade;squade6w@networksolutions.com;167.206.249.199;A;115;Chicago;1/02/2018
04-261;Rosene;Kid;rkidmf@cnet.com;178.25.44.216;C;122;San Diego;25/02/2018
96-643;Annemarie;Daton;adatondo@technorati.com;195.208.21.40;D;85;Denver;25/02/2018
17-441;Mari;Galfour;mgalfourng@si.edu;144.99.127.221;D;110;Denver;8/02/2018
99-550;Brinna;Chaffin;bchaffin75@thetimes.co.uk;91.245.224.48;D;116;Denver;21/02/2018
24-080;Morgan;Baughn;mbaughniy@php.net;169.169.29.39;D;112;Orlando;1/02/2018
90-662;Geri;Amys;gamysgc@stumbleupon.com;212.69.33.29;D;39;Dallas;3/02/2018
04-726;Kenon;Adlem;kadlemjt@scientificamerican.com;203.81.224.70;B;113;Dallas;2/02/2018
00-828;Adi;Crowd;acrowdot@guardian.co.uk;209.248.49.216;A;56;Chicago;13/02/2018
39-791;Sosanna;Pietrowski;spietrowski3o@geocities.jp;218.135.142.100;C;13;San Fransisco;18/02/2018
22-141;Briggs;Arkell;barkellcf@addthis.com;101.86.254.121;D;5;San Diego;21/02/2018
98-617;Pearce;Atkyns;patkyns3r@nps.gov;191.37.124.21;B;54;Seattle;12/02/2018
58-240;Isidor;Uwins;iuwinshr@whitehouse.gov;137.176.14.3;B;54;Orlando;18/02/2018
90-066;Craggie;Palfery;cpalferycb@vinaora.com;250.212.57.83;B;109;San Diego;2/02/2018
09-887;Tedi;Caren;tcarenim@mapquest.com;141.202.242.135;C;90;Orlando;2/02/2018
54-546;Neda;Dinsdale;ndinsdaled4@japanpost.jp;242.96.81.10;D;140;Chicago;6/02/2018
65-927;Gilberto;Burden;gburdeniw@phoca.cz;35.100.223.140;B;51;Los Angeles;7/02/2018
41-057;Nedi;Grugerr;ngrugerrd5@live.com;30.137.49.211;B;53;San Diego;22/02/2018
92-393;Vania;Pusey;vpusey21@hc360.com;27.94.99.195;D;148;Orlando;5/02/2018
80-761;Jamaal;Geill;jgeill6b@harvard.edu;231.139.181.101;C;44;Dallas;18/02/2018
31-170;Illa;Thoumasson;ithoumassonet@webnode.com;214.109.116.8;C;136;Denver;4/02/2018
60-553;Nessy;Sackur;nsackurib@illinois.edu;237.108.220.127;B;82;Chicago;8/02/2018
69-151;Wittie;Dani;wdani7x@mit.edu;134.175.220.28;D;8;Seattle;24/02/2018
04-513;Branden;Phibb;bphibbnm@usnews.com;1.159.238.53;A;147;Miami;16/02/2018
66-846;Elsy;Iamittii;eiamittii6f@comcast.net;186.253.38.142;A;47;Nueva York;12/02/2018
06-724;Kip;Pernell;kpernell34@twitpic.com;217.204.175.231;C;2;Chicago;22/02/2018
11-583;Price;Cuncarr;pcuncarr6n@usa.gov;229.139.119.135;B;34;Phoenix;13/02/2018
39-247;Ileana;Squibbs;isquibbse3@topsy.com;31.166.220.211;B;85;Denver;17/02/2018
36-900;Janifer;Sulland;jsullandct@tiny.cc;163.26.20.39;A;71;Miami;4/02/2018
34-645;Whit;Grocott;wgrocottmn@over-blog.com;116.155.235.121;B;77;Houston;5/02/2018
81-044;Jonell;Cristofari;jcristofarigb@hhs.gov;141.232.142.251;B;34;Houston;15/02/2018
23-893;Clemente;Huot;chuotpb@loc.gov;227.59.215.153;A;84;Chicago;19/02/2018
02-626;Even;Curnucke;ecurnucke7c@google.pl;113.52.199.46;D;14;Miami;27/02/2018
41-264;Catarina;Frazer;cfrazerep@ucla.edu;24.202.95.153;D;50;Orlando;4/02/2018
41-450;Carmine;Tamblyn;ctamblynco@myspace.com;206.223.235.188;C;72;San Diego;13/02/2018
01-399;Claire;Aldersley;caldersleyig@booking.com;194.65.223.229;B;137;Miami;18/02/2018
79-617;Beauregard;Wasylkiewicz;bwasylkiewiczj4@state.gov;254.124.1.171;B;142;San Fransisco;15/02/2018
84-238;Anastasia;Bleibaum;ableibaum1n@jugem.jp;245.193.45.229;B;38;San Fransisco;4/02/2018
66-379;Marlo;Orys;morysn1@behance.net;25.54.127.210;B;3;Houston;10/02/2018
57-375;Miof mela;Whitworth;mwhitworthm8@psu.edu;5.79.154.96;D;49;Chicago;18/02/2018
79-658;Arlinda;Marks;amarkse9@oracle.com;96.184.224.72;A;98;Los Angeles;14/02/2018
62-712;Carolann;Looker;clooker9f@ebay.com;215.7.144.56;B;56;Altanta;13/02/2018
84-399;Fairfax;Stockow;fstockowh5@go.com;192.255.146.19;B;44;San Fransisco;19/02/2018
83-926;Grata;Duckit;gduckit9d@digg.com;72.151.167.31;B;17;Nueva York;18/02/2018
03-010;Tannie;Woollaston;twoollastonky@smh.com.au;120.219.61.239;A;8;Seattle;7/02/2018
04-771;Gabi;Govinlock;ggovinlockil@gov.uk;4.40.92.236;C;115;Los Angeles;16/02/2018
11-139;Liane;Dehn;ldehnem@cdc.gov;22.181.128.235;B;118;San Diego;19/02/2018
65-297;Pyotr;Giacomo;pgiacomo4b@mysql.com;30.19.125.85;D;84;San Diego;20/02/2018
00-100;Chloe;Caldeyroux;ccaldeyroux96@nytimes.com;191.90.69.153;D;92;Los Angeles;17/02/2018
54-911;Bridie;Bambra;bbambrajy@cocolog-nifty.com;23.189.104.184;D;8;San Diego;12/02/2018
78-509;Bonita;Schooley;bschooleyn2@ask.com;99.144.209.171;D;26;San Diego;26/02/2018
93-436;Clarinda;Lukes;clukesff@globo.com;67.181.21.123;C;75;Nueva York;2/02/2018
93-224;Jessi;Wye;jwye6l@mapquest.com;10.47.21.233;D;128;Altanta;7/02/2018
70-675;Marta;Golder;mgolderkj@flavors.me;165.40.231.202;D;11;Chicago;3/02/2018
87-840;Shaine;Macoun;smacouni3@scribd.com;74.151.7.139;A;20;Chicago;1/02/2018
15-031;Rice;Lujan;rlujan53@plala.or.jp;176.5.182.64;A;113;Nueva York;10/02/2018
81-869;Walsh;Rosenschein;wrosenscheinfo@parallels.com;194.150.65.2;C;33;Orlando;17/02/2018
41-200;Ulrika;Grinsted;ugrinstedhl@washington.edu;218.24.14.50;D;40;Chicago;25/02/2018
62-364;Tiffy;Casajuana;tcasajuanai8@squidoo.com;143.92.106.99;C;36;Houston;13/02/2018
86-139;Aidan;Cogar;acogarj3@gov.uk;104.241.154.9;B;129;Los Angeles;26/02/2018
87-276;Ira;Lavallie;ilavallielc@hostgator.com;250.20.117.122;C;137;Nueva York;26/02/2018
46-600;Brew;Sture;bsture92@guardian.co.uk;1.201.44.170;C;60;Altanta;7/02/2018
73-067;Valenka;Gerin;vgerin7u@merriam-webster.com;82.6.236.126;B;35;Denver;1/02/2018
60-195;Geri;Seares;gsearesjz@berkeley.edu;204.117.143.242;D;97;Miami;18/02/2018
84-859;Berty;O'Growgane;bogrowgane46@whitehouse.gov;10.166.15.9;D;139;Nueva York;19/02/2018
14-568;Ambros;Scotson;ascotson9@ebay.com;189.133.32.130;D;29;Los Angeles;14/02/2018
02-363;Analiese;Chatelet;achatelet8m@java.com;76.189.136.8;D;11;Seattle;16/02/2018
54-751;Britteny;Westhofer;bwesthoferm6@storify.com;168.128.208.78;C;73;Los Angeles;1/02/2018
14-323;Maxi;Rimmington;mrimmingtong3@surveymonkey.com;28.0.85.159;B;18;Denver;14/02/2018
48-974;Wash;Jessope;wjessopels@boston.com;248.187.66.74;D;14;Orlando;18/02/2018
22-070;Ailee;Fiddymont;afiddymontlb@yellowbook.com;13.53.83.107;B;71;San Diego;24/02/2018
77-704;Major;Pourvoieur;mpourvoieurox@hp.com;221.13.80.89;D;88;Dallas;1/02/2018
91-219;Morton;Scoggin;mscoggincr@webeden.co.uk;106.246.243.166;A;27;Orlando;16/02/2018
46-862;Silvia;Tilbey;stilbey5c@github.io;158.70.110.196;B;12;Altanta;10/02/2018
38-754;Immanuel;Birrel;ibirrel4u@delicious.com;50.140.135.164;B;12;Seattle;17/02/2018
20-237;Gannie;Terrington;gterrington7p@amazon.com;240.30.54.152;C;124;Miami;7/02/2018
13-696;Clevie;Ravenscroftt;cravenscroftthm@blogspot.com;253.35.60.253;D;136;Orlando;23/02/2018
48-739;Mamie;Phillip;mphillipnn@youku.com;11.40.81.101;D;74;Orlando;2/02/2018
47-585;Riley;McKerton;rmckerton7a@boston.com;74.125.203.30;C;9;Miami;1/02/2018
80-668;Ilse;Cawthry;icawthrya5@tumblr.com;71.203.23.247;B;23;Dallas;9/02/2018
66-696;Stormie;Berryman;sberryman2@earthlink.net;254.147.167.132;C;146;Phoenix;18/02/2018
11-585;Dmitri;Izakoff;dizakoffa@alibaba.com;99.151.136.83;D;140;Denver;1/02/2018
52-335;Inger;Rickett;irickett38@pen.io;67.233.10.211;B;131;Nueva York;19/02/2018
80-713;Florian;Bagnell;fbagnellin@ucla.edu;200.158.37.203;C;59;Orlando;19/02/2018
54-779;Alain;Dymond;adymondbf@gnu.org;80.129.53.74;B;68;Phoenix;22/02/2018
06-838;Allyce;Pesterfield;apesterfieldnr@diigo.com;2.229.110.244;A;18;Altanta;24/02/2018
30-138;Loren;Stodit;lstodithx@ustream.tv;122.75.210.53;C;9;Los Angeles;25/02/2018
91-410;Dunstan;Broszkiewicz;dbroszkiewicz4x@wordpress.com;87.55.210.200;A;117;Chicago;1/02/2018
53-191;Siffre;Allett;sallettob@plala.or.jp;229.223.146.24;A;20;Nueva York;3/02/2018
27-685;Aidan;Hawkey;ahawkeyis@sitemeter.com;7.103.245.94;C;7;Los Angeles;17/02/2018
85-829;Gianna;Macenzy;gmacenzyjs@smugmug.com;55.48.32.4;D;88;Chicago;25/02/2018
68-304;Tessy;Kingh;tkinghhs@yale.edu;224.10.74.142;A;100;Houston;5/02/2018
48-141;Deena;Crosland;dcrosland8n@blogtalkradio.com;211.53.189.56;B;25;Miami;6/02/2018
17-647;Monika;Marjanovic;mmarjanovicj2@gov.uk;68.5.104.187;B;45;San Diego;11/02/2018
29-409;Torrance;Eastope;teastope79@fc2.com;93.97.253.238;A;121;Phoenix;2/02/2018
97-456;Jervis;Boundey;jboundey8r@yahoo.co.jp;237.163.99.133;C;94;Nueva York;12/02/2018
14-245;Jayson;Clutten;jcluttenp7@wunderground.com;117.10.107.52;B;107;Houston;19/02/2018
12-353;Timmy;Tander;ttander6z@rakuten.co.jp;92.180.188.39;D;121;Chicago;13/02/2018
67-979;Shepherd;Slimming;sslimming4t@alexa.com;200.254.79.5;B;90;Chicago;4/02/2018
82-503;Loise;Pellingar;lpellingar8x@si.edu;29.81.54.220;D;33;Houston;8/02/2018
91-241;Gabriele;Lyster;glystere7@biblegateway.com;113.89.170.93;B;48;San Fransisco;7/02/2018
21-609;Mikael;Benedicto;mbenedictopx@sbwire.com;200.63.47.105;C;68;Phoenix;4/02/2018
49-002;Tomas;Garrard;tgarrard9e@census.gov;164.33.212.38;A;133;Chicago;11/02/2018
44-107;Barbie;Pierri;bpierrio1@shinystat.com;9.210.218.38;B;47;Denver;12/02/2018
63-740;Marge;Medler;mmedler8y@yellowpages.com;171.17.164.105;A;33;San Fransisco;26/02/2018
52-347;Renado;Whysall;rwhysallch@printfriendly.com;175.228.12.66;D;104;San Fransisco;15/02/2018
29-303;Barbi;Walters;bwalters73@rakuten.co.jp;62.149.229.134;D;71;Nueva York;26/02/2018
02-629;Bel;Keher;bkeherm0@nature.com;49.4.27.61;D;107;Nueva York;8/02/2018
05-329;Laure;Whiffen;lwhiffenl@earthlink.net;90.31.156.92;B;53;Chicago;9/02/2018
90-153;Hunfredo;Kermannes;hkermannesg6@bigcartel.com;230.180.51.240;B;22;Los Angeles;22/02/2018
29-373;Monti;Yandell;myandellhw@creativecommons.org;159.43.164.219;C;62;San Diego;20/02/2018
93-921;Cindi;O'Dare;codarern@quantcast.com;178.29.187.0;A;94;Denver;9/02/2018
39-865;Moe;Beckinsall;mbeckinsall7y@npr.org;117.152.31.185;C;92;Houston;16/02/2018
13-203;Magnum;Linke;mlinkegt@bravesites.com;133.39.17.89;A;57;Dallas;6/02/2018
38-098;Manuel;Hawkett;mhawkettkc@gov.uk;77.158.37.22;B;140;Orlando;27/02/2018
45-507;Arlyn;Laxtonne;alaxtonne1e@cbslocal.com;202.21.223.1;B;100;Houston;10/02/2018
23-668;Marcos;Peirazzi;mpeirazzio0@blogger.com;218.123.6.25;C;98;Denver;15/02/2018
53-064;Deeann;Ledwich;dledwich8h@ask.com;242.51.27.7;B;85;Seattle;23/02/2018
01-822;Flor;Sutch;fsutchmu@edublogs.org;178.220.232.153;B;115;Seattle;23/02/2018
11-199;Flor;Clement;fclementb9@ovh.net;130.222.161.37;C;146;Denver;15/02/2018
74-411;Abagail;Simpkin;asimpkinlg@squidoo.com;117.3.145.1;C;38;Phoenix;1/02/2018
05-690;Glen;Joubert;gjouberte4@fc2.com;133.239.151.181;B;123;San Diego;18/02/2018
69-228;Bari;Guitton;bguittonpg@naver.com;204.226.24.2;B;34;Houston;2/02/2018
19-693;Rodi;Dannett;rdannett5q@myspace.com;221.242.19.15;D;2;Los Angeles;8/02/2018
95-424;Carny;Pepin;cpepinnq@csmonitor.com;233.109.115.179;D;35;Denver;24/02/2018
28-493;Pascale;Rumble;prumblep5@mashable.com;225.104.155.182;C;6;San Diego;27/02/2018
58-113;Angelico;Chaize;achaizerb@wix.com;163.63.81.94;D;130;San Fransisco;1/02/2018
02-019;Maia;Springle;mspringlekl@zdnet.com;163.16.82.129;A;23;Los Angeles;24/02/2018
71-627;Gabriel;Bedward;gbedwardpk@stumbleupon.com;163.41.57.13;B;38;Altanta;18/02/2018
12-169;Kariotta;Storton;kstortonjf@comsenz.com;147.199.19.95;A;60;Seattle;6/02/2018
95-821;Raquel;Furmagier;rfurmagiern9@bloglines.com;48.179.194.243;C;67;Nueva York;17/02/2018
46-488;Pattie;Conyers;pconyers55@chronoengine.com;25.152.118.202;B;28;Houston;25/02/2018
37-680;Alie;Walklott;awalklottfj@hc360.com;103.214.11.216;C;101;San Fransisco;17/02/2018
80-310;Justen;Cristofor;jcristoforja@ed.gov;109.195.150.251;B;89;Nueva York;23/02/2018
03-789;Bertina;Cheal;bchealke@columbia.edu;1.229.170.254;C;106;Orlando;24/02/2018
25-879;Kilian;Vasyutichev;kvasyutichevq5@narod.ru;222.140.222.196;C;150;Los Angeles;15/02/2018
87-754;Royal;Jope;rjopeft@paypal.com;190.137.172.50;B;145;Phoenix;6/02/2018
42-916;Ted;Margrett;tmargrettnt@usatoday.com;188.173.249.146;B;53;Phoenix;16/02/2018
79-351;Emelita;Curuclis;ecuruclis97@rakuten.co.jp;63.252.167.137;C;65;Los Angeles;10/02/2018
70-397;Travers;Ellice;telliceht@arizona.edu;169.12.166.188;C;31;Altanta;1/02/2018
53-051;Felike;Hilldrop;fhilldroppt@linkedin.com;72.103.167.188;D;129;Chicago;23/02/2018
89-693;Kara-lynn;Hoyes;khoyes1j@godaddy.com;147.253.14.204;A;149;Nueva York;11/02/2018
69-973;Earl;Rayne;erayne50@gov.uk;229.242.204.146;C;74;Altanta;15/02/2018
23-047;Rivalee;Schofield;rschofield62@house.gov;217.179.56.63;B;120;Chicago;20/02/2018
64-016;Barron;McMenamy;bmcmenamy56@t.co;141.239.175.229;D;93;Los Angeles;24/02/2018
99-358;Renee;Densham;rdenshamop@a8.net;188.246.185.199;C;16;Dallas;10/02/2018
37-503;Billy;Bravey;bbraveyl9@house.gov;169.149.160.126;C;137;Houston;16/02/2018
17-714;Flory;Shadrach;fshadrachda@topsy.com;96.54.136.174;A;56;Phoenix;9/02/2018
28-107;Dacey;Vlies;dvliesga@com.com;55.205.182.165;A;140;San Diego;18/02/2018
10-039;Carmon;Joiris;cjoirisi7@time.com;24.54.58.131;A;108;Miami;21/02/2018
37-067;Barry;Brimblecomb;bbrimblecombcd@state.gov;147.101.76.64;D;50;Nueva York;25/02/2018
96-040;Willis;Glynne;wglynnegd@gmpg.org;130.206.67.202;B;23;Phoenix;25/02/2018
16-909;Charlton;Wibrew;cwibrewpo@mtv.com;88.134.82.147;C;41;Orlando;3/02/2018
50-775;Andros;Ciobotaru;aciobotaru14@dmoz.org;151.66.35.230;B;130;Phoenix;2/02/2018
32-757;Erna;Morch;emorchlf@icq.com;181.188.34.114;C;120;San Fransisco;4/02/2018
00-396;Joannes;Hischke;jhischkeq1@microsoft.com;152.150.139.64;C;147;Nueva York;17/02/2018
96-886;Fanya;Hember;fhemberow@wunderground.com;120.185.189.176;A;71;Orlando;4/02/2018
46-822;Melanie;Augie;maugie4f@google.com.br;97.20.125.222;C;33;Denver;13/02/2018
03-378;Alvy;Tuke;atukeoa@mit.edu;91.217.102.255;A;120;Dallas;18/02/2018
67-225;Mead;Brum;mbrum2f@dagondesign.com;187.212.186.16;B;4;Denver;25/02/2018
51-558;Libbie;Cuddy;lcuddyhk@paypal.com;1.168.159.86;C;4;Chicago;16/02/2018
18-050;Don;Golden of Ireland;dgoldenofireland15@earthlink.net;33.195.65.65;B;27;San Diego;26/02/2018
73-726;Chantal;Boman;cbomanhq@businesswire.com;34.14.161.249;B;139;Miami;19/02/2018
87-221;Stoddard;Oldford;soldfordki@gov.uk;148.74.188.150;B;81;San Fransisco;8/02/2018
80-838;Temp;Lodewick;tlodewick68@washingtonpost.com;14.79.30.23;C;99;Altanta;13/02/2018
06-825;Kimbra;McGraffin;kmcgraffing@google.cn;129.190.128.132;C;63;Denver;2/02/2018
75-383;Annissa;Barok;abarokq@wikimedia.org;252.165.230.236;A;104;Orlando;14/02/2018
23-336;Yank;Sancho;ysanchorf@miitbeian.gov.cn;25.238.152.143;A;138;San Diego;22/02/2018
76-270;Sibella;Matiebe;smatiebeeg@ucoz.ru;5.68.140.12;C;13;San Diego;21/02/2018
29-565;Elmo;Sharland;esharland2h@about.com;164.177.35.131;D;9;Nueva York;5/02/2018
18-172;Willabella;Kebell;wkebellfh@biglobe.ne.jp;223.158.33.226;B;13;Los Angeles;1/02/2018
35-300;Rouvin;Guidera;rguiderakg@blogspot.com;30.17.74.12;D;96;Houston;14/02/2018
54-404;Bartlett;Ilyenko;bilyenkofu@nasa.gov;103.249.109.178;A;84;Nueva York;6/02/2018
64-630;Francis;Bertomier;fbertomier4j@msn.com;221.187.133.220;A;127;Orlando;18/02/2018
07-357;Joachim;Regglar;jregglarrq@jalbum.net;160.95.217.112;A;61;San Fransisco;15/02/2018
37-832;Perla;Moizer;pmoizerhf@redcross.org;238.239.150.67;C;75;Dallas;18/02/2018
