Edad;Genero;Vivienda;Ecivil;Ubicacion;Hijos;Historial;Catalogos;Monto
Adulta;Femenino;Propia;Soltero;Lejos;0;Alto;Entre 3 y 7;755
Media;Masculino;Alquilada;Soltero;Cerca;0;Alto;Entre 3 y 7;1318
Joven;Femenino;Alquilada;Soltero;Cerca;0;Bajo;Entre 16 y 30;296
Media;Masculino;Propia;Casado;Cerca;1;Alto;Entre 16 y 30;2436
Media;Femenino;Propia;Soltero;Cerca;0;Alto;Entre 8 y 15;1304
Joven;Masculino;Propia;Casado;Cerca;0;Bajo;Entre 3 y 7;495
Media;Femenino;Alquilada;Soltero;Cerca;0;Medio;Entre 8 y 15;782
Media;Masculino;Propia;Soltero;Cerca;0;Alto;Entre 16 y 30;1155
Media;Femenino;Propia;Casado;Cerca;3;Bajo;Entre 3 y 7;158
Adulta;Masculino;Propia;Casado;Lejos;0;NA;Entre 16 y 30;3034
Joven;Masculino;Alquilada;Casado;Cerca;1;NA;Entre 8 y 15;927
Media;Masculino;Propia;Casado;Lejos;3;Alto;Entre 16 y 30;2065
Media;Femenino;Propia;Casado;Cerca;1;Medio;Entre 16 y 30;704
Media;Masculino;Propia;Casado;Cerca;0;Alto;Entre 8 y 15;2136
Adulta;Femenino;Propia;Casado;Lejos;0;Alto;Entre 16 y 30;5564
Media;Femenino;Propia;Casado;Lejos;1;NA;Entre 8 y 15;2766
Adulta;Femenino;Propia;Casado;Cerca;0;Alto;Entre 16 y 30;3010
Media;Masculino;Propia;Casado;Cerca;0;Alto;Entre 16 y 30;1956
Media;Masculino;Alquilada;Soltero;Cerca;1;Bajo;Entre 16 y 30;542
Adulta;Femenino;Alquilada;Soltero;Lejos;0;Bajo;Entre 8 y 15;410
Joven;Femenino;Alquilada;Soltero;Lejos;2;Bajo;Entre 3 y 7;194
Joven;Masculino;Alquilada;Casado;Cerca;0;Medio;Entre 8 y 15;827
Adulta;Femenino;Alquilada;Casado;Lejos;0;Alto;Entre 16 y 30;2328
Joven;Masculino;Alquilada;Casado;Lejos;1;Medio;Entre 8 y 15;808
Joven;Femenino;Alquilada;Casado;Cerca;1;NA;Entre 3 y 7;521
Media;Femenino;Propia;Casado;Cerca;3;Bajo;Entre 16 y 30;655
Media;Masculino;Propia;Soltero;Cerca;3;NA;Entre 3 y 7;707
Media;Femenino;Alquilada;Casado;Lejos;0;Alto;Entre 16 y 30;2075
Media;Femenino;Alquilada;Casado;Cerca;2;Medio;Entre 8 y 15;769
Joven;Masculino;Alquilada;Soltero;Cerca;1;NA;Entre 16 y 30;774
Adulta;Femenino;Alquilada;Casado;Cerca;0;Medio;Entre 8 y 15;573
Media;Masculino;Alquilada;Casado;Lejos;1;Alto;Entre 8 y 15;2082
Media;Femenino;Alquilada;Casado;Cerca;3;NA;Entre 16 y 30;2446
Media;Masculino;Propia;Casado;Cerca;0;Alto;Entre 16 y 30;2636
Media;Masculino;Alquilada;Soltero;Lejos;0;Alto;Entre 8 y 15;2226
Media;Femenino;Propia;Soltero;Cerca;2;Bajo;Entre 3 y 7;183
Media;Femenino;Propia;Soltero;Lejos;2;Alto;Entre 16 y 30;1595
Media;Masculino;Alquilada;Soltero;Cerca;1;Medio;Entre 8 y 15;584
Adulta;Femenino;Propia;Casado;Cerca;0;NA;Entre 16 y 30;982
Adulta;Femenino;Alquilada;Soltero;Cerca;0;Bajo;Entre 16 y 30;576
Media;Masculino;Propia;Soltero;Cerca;3;Bajo;Entre 8 y 15;410
Media;Femenino;Propia;Casado;Lejos;3;NA;Entre 16 y 30;3082
Media;Masculino;Alquilada;Casado;Cerca;1;NA;Entre 16 y 30;2437
Adulta;Femenino;Alquilada;Casado;Lejos;0;Alto;Entre 16 y 30;3655
Media;Femenino;Propia;Soltero;Cerca;1;Medio;Entre 8 y 15;844
Adulta;Femenino;Propia;Casado;Cerca;0;Alto;Entre 16 y 30;2510
Media;Masculino;Propia;Casado;Cerca;0;NA;Entre 3 y 7;983
Joven;Masculino;Propia;Casado;Cerca;0;NA;Entre 16 y 30;1215
Media;Masculino;Propia;Casado;Cerca;2;Alto;Entre 16 y 30;2000
Media;Femenino;Propia;Casado;Cerca;1;Alto;Entre 16 y 30;2574
Media;Femenino;Propia;Casado;Cerca;1;Alto;Entre 3 y 7;1116
Media;Femenino;Propia;Casado;Lejos;0;Alto;Entre 16 y 30;3604
Media;Femenino;Propia;Casado;Cerca;1;NA;Entre 16 y 30;3360
Media;Femenino;Propia;Soltero;Lejos;3;Medio;Entre 3 y 7;530
Media;Femenino;Alquilada;Soltero;Cerca;0;Medio;Entre 16 y 30;906
Adulta;Masculino;Alquilada;Casado;Cerca;0;Alto;Entre 16 y 30;2764
Media;Masculino;Propia;Soltero;Cerca;0;Alto;Entre 16 y 30;1263
Joven;Masculino;Alquilada;Casado;Cerca;0;Alto;Entre 8 y 15;1084
Media;Masculino;Alquilada;Soltero;Cerca;0;Medio;Entre 16 y 30;1051
Joven;Femenino;Propia;Casado;Lejos;0;NA;Entre 3 y 7;614
Media;Masculino;Propia;Soltero;Cerca;2;Medio;Entre 8 y 15;704
Joven;Femenino;Propia;Soltero;Cerca;2;NA;Entre 8 y 15;449
Joven;Femenino;Propia;Soltero;Cerca;1;Bajo;Entre 3 y 7;136
Adulta;Femenino;Propia;Soltero;Cerca;0;Bajo;Entre 16 y 30;468
Adulta;Femenino;Propia;Casado;Cerca;0;Alto;Entre 3 y 7;565
Joven;Masculino;Alquilada;Casado;Cerca;0;NA;Entre 16 y 30;1310
Media;Masculino;Propia;Casado;Lejos;0;NA;Entre 16 y 30;2595
Joven;Femenino;Alquilada;Soltero;Lejos;0;NA;Entre 16 y 30;358
Media;Femenino;Propia;Soltero;Cerca;0;Medio;Entre 16 y 30;1424
Media;Masculino;Propia;Soltero;Lejos;0;Alto;Entre 16 y 30;4182
Joven;Femenino;Alquilada;Soltero;Cerca;0;NA;Entre 8 y 15;468
Media;Femenino;Propia;Casado;Lejos;1;Alto;Entre 16 y 30;2924
Media;Masculino;Propia;Soltero;Lejos;0;NA;Entre 3 y 7;964
Joven;Masculino;Alquilada;Soltero;Cerca;0;NA;Entre 16 y 30;615
Joven;Masculino;Alquilada;Soltero;Cerca;3;Bajo;Entre 3 y 7;38
Media;Masculino;Propia;Soltero;Cerca;1;NA;Entre 3 y 7;1006
Joven;Femenino;Alquilada;Casado;Cerca;3;Bajo;Entre 8 y 15;307
Media;Masculino;Propia;Casado;Lejos;2;Alto;Entre 16 y 30;1648
Joven;Femenino;Propia;Soltero;Cerca;1;Bajo;Entre 3 y 7;220
Joven;Femenino;Alquilada;Soltero;Cerca;2;Bajo;Entre 16 y 30;280
Media;Masculino;Alquilada;Casado;Lejos;2;NA;Entre 8 y 15;1647
Media;Femenino;Propia;Casado;Cerca;1;Medio;Entre 3 y 7;704
Joven;Femenino;Alquilada;Soltero;Lejos;1;Medio;Entre 16 y 30;920
Adulta;Femenino;Propia;Soltero;Cerca;0;NA;Entre 3 y 7;258
Media;Masculino;Propia;Casado;Cerca;0;NA;Entre 8 y 15;1821
Media;Masculino;Alquilada;Soltero;Cerca;0;Medio;Entre 16 y 30;1587
Media;Femenino;Propia;Soltero;Cerca;2;Bajo;Entre 8 y 15;528
Joven;Masculino;Alquilada;Soltero;Lejos;0;Medio;Entre 16 y 30;867
Media;Masculino;Alquilada;Soltero;Cerca;0;NA;Entre 3 y 7;643
Joven;Femenino;Alquilada;Soltero;Cerca;1;Bajo;Entre 3 y 7;107
Media;Femenino;Alquilada;Casado;Lejos;1;Alto;Entre 16 y 30;1513
Adulta;Masculino;Propia;Casado;Cerca;0;Alto;Entre 16 y 30;4558
Adulta;Masculino;Propia;Casado;Cerca;0;Alto;Entre 3 y 7;741
Adulta;Femenino;Propia;Casado;Lejos;2;Medio;Entre 8 y 15;805
Joven;Femenino;Alquilada;Soltero;Cerca;1;NA;Entre 8 y 15;470
Joven;Masculino;Alquilada;Casado;Cerca;1;Bajo;Entre 3 y 7;278
Media;Femenino;Propia;Casado;Cerca;3;Bajo;Entre 16 y 30;1093
Joven;Femenino;Alquilada;Soltero;Lejos;1;Bajo;Entre 3 y 7;470
Media;Masculino;Propia;Casado;Cerca;0;Alto;Entre 16 y 30;1856
Media;Masculino;Alquilada;Casado;Lejos;2;Alto;Entre 16 y 30;1688
Joven;Femenino;Alquilada;Soltero;Lejos;3;NA;Entre 16 y 30;708
Media;Femenino;Alquilada;Soltero;Cerca;0;NA;Entre 16 y 30;1753
Media;Masculino;Alquilada;Soltero;Lejos;0;Alto;Entre 16 y 30;3044
Media;Femenino;Propia;Soltero;Cerca;2;Bajo;Entre 16 y 30;855
Joven;Masculino;Propia;Soltero;Cerca;0;Bajo;Entre 16 y 30;550
Media;Masculino;Propia;Casado;Lejos;3;Alto;Entre 16 y 30;2265
Adulta;Femenino;Propia;Casado;Lejos;0;NA;Entre 16 y 30;2452
Joven;Femenino;Propia;Soltero;Lejos;0;Medio;Entre 16 y 30;1184
Adulta;Femenino;Propia;Casado;Cerca;0;Alto;Entre 16 y 30;2150
Media;Masculino;Propia;Casado;Cerca;2;NA;Entre 3 y 7;1575
Media;Masculino;Alquilada;Casado;Cerca;1;Alto;Entre 16 y 30;1822
Media;Femenino;Propia;Soltero;Cerca;2;NA;Entre 16 y 30;1153
Adulta;Masculino;Propia;Casado;Cerca;0;Alto;Entre 8 y 15;1877
Media;Femenino;Alquilada;Casado;Cerca;3;Bajo;Entre 3 y 7;450
Adulta;Masculino;Alquilada;Soltero;Cerca;0;Medio;Entre 3 y 7;873
Joven;Femenino;Alquilada;Soltero;Cerca;1;Bajo;Entre 3 y 7;209
Adulta;Masculino;Propia;Casado;Cerca;0;Medio;Entre 16 y 30;1472
Media;Masculino;Propia;Soltero;Lejos;0;Alto;Entre 8 y 15;1702
Adulta;Masculino;Propia;Casado;Lejos;0;Alto;Entre 16 y 30;1857
Joven;Masculino;Alquilada;Soltero;Cerca;0;NA;Entre 3 y 7;451
Joven;Femenino;Alquilada;Soltero;Cerca;0;Bajo;Entre 16 y 30;344
Media;Masculino;Alquilada;Soltero;Lejos;0;Alto;Entre 16 y 30;1492
Media;Femenino;Propia;Soltero;Lejos;3;NA;Entre 16 y 30;2098
Media;Masculino;Propia;Casado;Cerca;1;NA;Entre 16 y 30;3505
Joven;Femenino;Alquilada;Soltero;Lejos;3;Bajo;Entre 3 y 7;127
Joven;Masculino;Alquilada;Soltero;Cerca;3;NA;Entre 8 y 15;436
Media;Femenino;Propia;Casado;Lejos;0;Alto;Entre 16 y 30;2524
Joven;Masculino;Alquilada;Soltero;Cerca;0;NA;Entre 16 y 30;189
Media;Femenino;Propia;Soltero;Cerca;0;Medio;Entre 8 y 15;607
Joven;Femenino;Alquilada;Soltero;Lejos;0;NA;Entre 3 y 7;202
Media;Masculino;Propia;Casado;Cerca;2;Medio;Entre 16 y 30;1554
Media;Masculino;Propia;Casado;Cerca;2;NA;Entre 3 y 7;633
Joven;Masculino;Alquilada;Soltero;Cerca;0;NA;Entre 3 y 7;176
Media;Femenino;Propia;Casado;Cerca;2;NA;Entre 16 y 30;3079
Adulta;Femenino;Alquilada;Casado;Lejos;0;Alto;Entre 16 y 30;2038
Media;Femenino;Alquilada;Casado;Lejos;3;Medio;Entre 16 y 30;1203
Joven;Femenino;Propia;Soltero;Lejos;3;NA;Entre 3 y 7;326
Media;Femenino;Propia;Soltero;Cerca;3;Bajo;Entre 8 y 15;235
Joven;Femenino;Propia;Casado;Lejos;0;Alto;Entre 16 y 30;3688
Joven;Masculino;Alquilada;Soltero;Cerca;0;NA;Entre 8 y 15;332
Joven;Femenino;Alquilada;Soltero;Cerca;1;Bajo;Entre 3 y 7;143
Adulta;Femenino;Propia;Casado;Lejos;0;Alto;Entre 8 y 15;3104
Media;Masculino;Propia;Casado;Lejos;1;Alto;Entre 16 y 30;2339
Joven;Femenino;Alquilada;Soltero;Lejos;3;Bajo;Entre 3 y 7;123
Media;Femenino;Propia;Casado;Cerca;3;Bajo;Entre 16 y 30;879
Adulta;Femenino;Alquilada;Soltero;Cerca;0;Bajo;Entre 16 y 30;498
Adulta;Femenino;Propia;Casado;Cerca;0;Alto;Entre 16 y 30;3596
Adulta;Femenino;Propia;Casado;Lejos;0;Alto;Entre 16 y 30;2925
Media;Masculino;Propia;Casado;Cerca;1;NA;Entre 8 y 15;1081
Joven;Femenino;Alquilada;Soltero;Lejos;3;NA;Entre 8 y 15;312
Joven;Masculino;Alquilada;Casado;Cerca;3;NA;Entre 8 y 15;1297
Joven;Femenino;Alquilada;Soltero;Cerca;1;Bajo;Entre 8 y 15;218
Media;Femenino;Propia;Casado;Lejos;0;Alto;Entre 16 y 30;4279
Media;Masculino;Propia;Soltero;Cerca;0;Alto;Entre 16 y 30;1642
Joven;Masculino;Alquilada;Soltero;Cerca;0;NA;Entre 16 y 30;581
Media;Femenino;Alquilada;Soltero;Cerca;3;Bajo;Entre 3 y 7;223
Media;Femenino;Propia;Soltero;Cerca;2;Bajo;Entre 3 y 7;474
Adulta;Femenino;Propia;Soltero;Lejos;0;Alto;Entre 16 y 30;1790
Joven;Femenino;Alquilada;Soltero;Cerca;1;Bajo;Entre 3 y 7;143
Media;Masculino;Propia;Casado;Lejos;2;Alto;Entre 16 y 30;3237
Media;Masculino;Propia;Soltero;Cerca;1;NA;Entre 16 y 30;2316
Joven;Femenino;Alquilada;Soltero;Cerca;1;NA;Entre 16 y 30;458
Joven;Masculino;Alquilada;Soltero;Cerca;0;Bajo;Entre 16 y 30;646
Media;Masculino;Propia;Soltero;Lejos;2;Medio;Entre 16 y 30;1217
Media;Femenino;Alquilada;Soltero;Cerca;3;Bajo;Entre 8 y 15;238
Adulta;Masculino;Propia;Casado;Cerca;0;Medio;Entre 8 y 15;1293
Media;Femenino;Propia;Casado;Cerca;0;NA;Entre 16 y 30;2749
Media;Masculino;Propia;Casado;Lejos;0;Alto;Entre 8 y 15;2408
Adulta;Femenino;Alquilada;Casado;Cerca;0;Alto;Entre 16 y 30;2624
Media;Masculino;Propia;Casado;Lejos;0;Alto;Entre 8 y 15;4894
Adulta;Femenino;Propia;Soltero;Cerca;0;Bajo;Entre 16 y 30;621
Media;Masculino;Alquilada;Soltero;Cerca;0;Alto;Entre 3 y 7;701
Joven;Femenino;Alquilada;Casado;Lejos;0;NA;Entre 3 y 7;780
Media;Masculino;Propia;Soltero;Cerca;0;Medio;Entre 8 y 15;1365
Media;Masculino;Propia;Casado;Lejos;0;Alto;Entre 8 y 15;2693
Adulta;Masculino;Propia;Casado;Cerca;0;Alto;Entre 3 y 7;1582
Adulta;Masculino;Propia;Soltero;Cerca;0;Medio;Entre 16 y 30;724
Adulta;Femenino;Alquilada;Soltero;Cerca;0;Bajo;Entre 8 y 15;830
Joven;Femenino;Alquilada;Casado;Cerca;0;NA;Entre 16 y 30;1594
Media;Femenino;Propia;Casado;Cerca;1;NA;Entre 8 y 15;1826
Adulta;Femenino;Propia;Casado;Cerca;0;Medio;Entre 3 y 7;473
Joven;Femenino;Alquilada;Casado;Cerca;0;NA;Entre 8 y 15;1161
Adulta;Femenino;Alquilada;Casado;Cerca;0;Medio;Entre 3 y 7;703
Media;Femenino;Propia;Casado;Cerca;1;NA;Entre 8 y 15;1892
Joven;Masculino;Alquilada;Casado;Cerca;0;Medio;Entre 3 y 7;489
Media;Masculino;Propia;Casado;Lejos;1;Alto;Entre 16 y 30;1813
Media;Femenino;Propia;Soltero;Cerca;1;NA;Entre 8 y 15;1457
Media;Femenino;Alquilada;Soltero;Lejos;3;Bajo;Entre 3 y 7;292
Joven;Femenino;Alquilada;Casado;Cerca;0;NA;Entre 3 y 7;613
Media;Femenino;Alquilada;Casado;Cerca;1;NA;Entre 16 y 30;2681
Joven;Femenino;Propia;Soltero;Cerca;2;Bajo;Entre 16 y 30;437
Media;Femenino;Alquilada;Casado;Cerca;2;Medio;Entre 3 y 7;708
Media;Femenino;Propia;Casado;Cerca;0;Medio;Entre 16 y 30;1093
Joven;Femenino;Alquilada;Soltero;Lejos;2;Bajo;Entre 16 y 30;213
Joven;Femenino;Alquilada;Soltero;Cerca;1;Bajo;Entre 3 y 7;202
Adulta;Femenino;Propia;Soltero;Cerca;0;NA;Entre 3 y 7;1298
Media;Masculino;Propia;Casado;Lejos;0;NA;Entre 8 y 15;3273
Media;Masculino;Propia;Casado;Lejos;3;Alto;Entre 16 y 30;1790
Joven;Femenino;Alquilada;Soltero;Cerca;1;Bajo;Entre 3 y 7;247
Joven;Femenino;Alquilada;Soltero;Cerca;1;Bajo;Entre 3 y 7;183
Media;Masculino;Propia;Casado;Lejos;1;Alto;Entre 16 y 30;3491
Adulta;Femenino;Propia;Casado;Lejos;0;Alto;Entre 3 y 7;1985
Media;Masculino;Propia;Casado;Cerca;0;Alto;Entre 16 y 30;1721
Media;Masculino;Propia;Casado;Cerca;0;Alto;Entre 8 y 15;2104
Media;Femenino;Alquilada;Casado;Cerca;3;Bajo;Entre 3 y 7;252
Joven;Masculino;Alquilada;Casado;Cerca;3;Bajo;Entre 3 y 7;202
Joven;Femenino;Alquilada;Casado;Cerca;1;Medio;Entre 16 y 30;962
Joven;Femenino;Alquilada;Soltero;Cerca;1;NA;Entre 8 y 15;459
Media;Masculino;Propia;Casado;Cerca;0;Medio;Entre 16 y 30;848
Adulta;Femenino;Alquilada;Casado;Cerca;1;Bajo;Entre 3 y 7;161
Media;Masculino;Alquilada;Soltero;Lejos;0;Alto;Entre 16 y 30;1857
Media;Masculino;Propia;Soltero;Lejos;1;NA;Entre 16 y 30;1699
Joven;Femenino;Alquilada;Soltero;Cerca;1;Bajo;Entre 16 y 30;308
Joven;Masculino;Alquilada;Casado;Lejos;1;Bajo;Entre 16 y 30;500
Media;Femenino;Alquilada;Casado;Lejos;3;Medio;Entre 16 y 30;1162
Media;Femenino;Propia;Casado;Lejos;1;NA;Entre 16 y 30;2551
Media;Femenino;Alquilada;Casado;Lejos;1;Alto;Entre 16 y 30;5830
Joven;Femenino;Alquilada;Soltero;Lejos;1;Bajo;Entre 16 y 30;381
Joven;Femenino;Alquilada;Casado;Cerca;0;NA;Entre 3 y 7;856
Media;Masculino;Alquilada;Soltero;Cerca;0;Medio;Entre 16 y 30;1720
Media;Femenino;Alquilada;Soltero;Cerca;0;Medio;Entre 8 y 15;759
Media;Masculino;Propia;Casado;Cerca;0;Alto;Entre 16 y 30;3305
Media;Femenino;Propia;Soltero;Cerca;0;Medio;Entre 16 y 30;1257
Adulta;Masculino;Propia;Soltero;Cerca;0;NA;Entre 8 y 15;1583
Media;Masculino;Propia;Casado;Cerca;3;Bajo;Entre 16 y 30;1102
Joven;Femenino;Alquilada;Soltero;Cerca;2;NA;Entre 3 y 7;186
Joven;Femenino;Alquilada;Soltero;Cerca;0;Bajo;Entre 8 y 15;229
Adulta;Femenino;Alquilada;Casado;Cerca;0;NA;Entre 16 y 30;2599
Joven;Femenino;Propia;Soltero;Lejos;3;NA;Entre 8 y 15;774
Adulta;Masculino;Propia;Casado;Cerca;1;Medio;Entre 8 y 15;638
Adulta;Femenino;Alquilada;Soltero;Lejos;0;Bajo;Entre 8 y 15;378
Media;Masculino;Alquilada;Casado;Lejos;1;NA;Entre 3 y 7;1552
Adulta;Masculino;Propia;Casado;Lejos;0;Medio;Entre 8 y 15;979
Adulta;Femenino;Propia;Casado;Cerca;0;Alto;Entre 16 y 30;2479
Joven;Masculino;Alquilada;Soltero;Lejos;2;Bajo;Entre 16 y 30;450
Media;Masculino;Alquilada;Casado;Cerca;0;Alto;Entre 16 y 30;2763
Joven;Masculino;Alquilada;Casado;Lejos;3;Medio;Entre 16 y 30;1560
Adulta;Femenino;Propia;Soltero;Cerca;0;Medio;Entre 16 y 30;1037
Joven;Femenino;Propia;Casado;Lejos;0;NA;Entre 3 y 7;690
Joven;Femenino;Alquilada;Soltero;Cerca;3;NA;Entre 16 y 30;770
Joven;Masculino;Propia;Soltero;Cerca;0;Medio;Entre 16 y 30;643
Joven;Femenino;Alquilada;Casado;Cerca;0;Alto;Entre 16 y 30;1512
Adulta;Masculino;Propia;Casado;Cerca;0;Alto;Entre 8 y 15;1485
Joven;Masculino;Alquilada;Soltero;Lejos;0;NA;Entre 16 y 30;570
Media;Femenino;Alquilada;Casado;Cerca;1;Medio;Entre 16 y 30;1165
Media;Masculino;Propia;Casado;Lejos;3;Alto;Entre 16 y 30;1926
Adulta;Masculino;Alquilada;Casado;Lejos;0;NA;Entre 16 y 30;2243
Media;Femenino;Propia;Soltero;Cerca;3;Bajo;Entre 16 y 30;342
Media;Masculino;Propia;Casado;Cerca;0;Alto;Entre 16 y 30;1654
Joven;Femenino;Alquilada;Casado;Cerca;0;Bajo;Entre 16 y 30;363
Joven;Femenino;Alquilada;Soltero;Lejos;1;Bajo;Entre 3 y 7;222
Joven;Masculino;Alquilada;Soltero;Cerca;0;Bajo;Entre 16 y 30;677
Adulta;Masculino;Alquilada;Soltero;Cerca;0;Bajo;Entre 3 y 7;482
Adulta;Femenino;Alquilada;Soltero;Cerca;1;Bajo;Entre 16 y 30;385
Adulta;Masculino;Propia;Soltero;Cerca;0;Alto;Entre 16 y 30;1443
Media;Femenino;Propia;Casado;Cerca;1;Alto;Entre 16 y 30;1789
Joven;Femenino;Alquilada;Soltero;Lejos;1;Bajo;Entre 16 y 30;991
Media;Masculino;Propia;Soltero;Cerca;2;Bajo;Entre 16 y 30;536
Adulta;Masculino;Alquilada;Casado;Cerca;0;Alto;Entre 16 y 30;2183
Joven;Masculino;Alquilada;Soltero;Cerca;1;NA;Entre 3 y 7;494
Joven;Femenino;Alquilada;Soltero;Cerca;0;Bajo;Entre 16 y 30;503
Joven;Femenino;Alquilada;Soltero;Cerca;3;Bajo;Entre 8 y 15;87
Media;Masculino;Alquilada;Soltero;Cerca;0;NA;Entre 16 y 30;917
Media;Femenino;Alquilada;Casado;Cerca;1;NA;Entre 16 y 30;1976
Media;Masculino;Propia;Casado;Cerca;3;Bajo;Entre 8 y 15;316
Media;Masculino;Propia;Casado;Cerca;0;NA;Entre 8 y 15;1634
Media;Masculino;Propia;Casado;Lejos;2;Alto;Entre 16 y 30;2035
Adulta;Masculino;Propia;Soltero;Lejos;0;Alto;Entre 16 y 30;3293
Joven;Femenino;Alquilada;Soltero;Cerca;1;Bajo;Entre 8 y 15;143
Media;Masculino;Propia;Casado;Cerca;3;Bajo;Entre 8 y 15;635
Joven;Femenino;Propia;Casado;Cerca;0;Alto;Entre 8 y 15;979
Media;Masculino;Alquilada;Casado;Cerca;1;Alto;Entre 16 y 30;1838
Joven;Femenino;Alquilada;Soltero;Lejos;0;Bajo;Entre 3 y 7;264
Media;Masculino;Propia;Casado;Cerca;0;NA;Entre 3 y 7;719
Media;Masculino;Propia;Casado;Cerca;1;Alto;Entre 16 y 30;1308
Adulta;Femenino;Propia;Casado;Cerca;0;Alto;Entre 16 y 30;3378
Joven;Masculino;Alquilada;Soltero;Cerca;1;NA;Entre 16 y 30;400
Media;Femenino;Propia;Soltero;Lejos;0;Alto;Entre 3 y 7;847
Joven;Femenino;Alquilada;Soltero;Cerca;1;Bajo;Entre 3 y 7;357
Joven;Femenino;Alquilada;Casado;Lejos;1;NA;Entre 16 y 30;1276
Media;Masculino;Propia;Casado;Cerca;0;Alto;Entre 16 y 30;2492
Media;Femenino;Propia;Casado;Cerca;2;Medio;Entre 8 y 15;1512
Media;Masculino;Propia;Casado;Cerca;2;Medio;Entre 8 y 15;870
Media;Femenino;Propia;Casado;Cerca;2;Medio;Entre 16 y 30;938
Adulta;Femenino;Propia;Soltero;Cerca;0;NA;Entre 8 y 15;1584
Adulta;Femenino;Propia;Soltero;Cerca;0;Medio;Entre 8 y 15;1148
Media;Femenino;Propia;Casado;Lejos;0;Alto;Entre 16 y 30;2840
Media;Femenino;Alquilada;Soltero;Cerca;0;Medio;Entre 8 y 15;827
Joven;Masculino;Alquilada;Soltero;Lejos;0;NA;Entre 8 y 15;428
Joven;Femenino;Alquilada;Soltero;Cerca;1;Bajo;Entre 3 y 7;183
Media;Femenino;Propia;Casado;Cerca;1;NA;Entre 3 y 7;818
Joven;Masculino;Alquilada;Casado;Cerca;0;Medio;Entre 8 y 15;731
Adulta;Masculino;Propia;Casado;Lejos;0;Alto;Entre 16 y 30;2163
Media;Masculino;Propia;Casado;Cerca;1;Medio;Entre 8 y 15;1081
Joven;Masculino;Propia;Soltero;Lejos;0;NA;Entre 8 y 15;1085
Joven;Masculino;Alquilada;Casado;Lejos;3;NA;Entre 3 y 7;1212
Media;Masculino;Propia;Soltero;Cerca;1;NA;Entre 16 y 30;1422
Media;Femenino;Propia;Casado;Lejos;2;Alto;Entre 16 y 30;2238
Media;Femenino;Alquilada;Soltero;Cerca;0;NA;Entre 16 y 30;1615
Media;Masculino;Propia;Soltero;Cerca;3;NA;Entre 3 y 7;713
Media;Masculino;Alquilada;Casado;Cerca;2;Medio;Entre 3 y 7;607
Media;Masculino;Alquilada;Soltero;Cerca;1;Medio;Entre 3 y 7;735
Joven;Femenino;Alquilada;Casado;Cerca;2;Bajo;Entre 3 y 7;139
Joven;Masculino;Alquilada;Casado;Lejos;1;Medio;Entre 16 y 30;1357
Adulta;Masculino;Propia;Casado;Cerca;0;Medio;Entre 16 y 30;858
Joven;Femenino;Propia;Soltero;Cerca;3;NA;Entre 8 y 15;408
Media;Masculino;Propia;Casado;Cerca;1;NA;Entre 8 y 15;1553
Media;Femenino;Propia;Casado;Cerca;3;NA;Entre 3 y 7;2070
Adulta;Masculino;Alquilada;Soltero;Cerca;0;Medio;Entre 8 y 15;922
Media;Femenino;Propia;Casado;Lejos;1;Alto;Entre 8 y 15;2502
Joven;Femenino;Alquilada;Soltero;Lejos;2;NA;Entre 16 y 30;426
Media;Masculino;Alquilada;Casado;Cerca;2;NA;Entre 16 y 30;2321
Adulta;Femenino;Propia;Soltero;Cerca;0;Medio;Entre 16 y 30;862
Media;Masculino;Propia;Soltero;Cerca;1;NA;Entre 16 y 30;2555
Media;Masculino;Propia;Soltero;Lejos;0;NA;Entre 8 y 15;1186
Adulta;Masculino;Propia;Casado;Cerca;0;Alto;Entre 16 y 30;2842
Adulta;Masculino;Propia;Soltero;Cerca;1;Medio;Entre 8 y 15;886
Media;Masculino;Propia;Casado;Cerca;1;Alto;Entre 8 y 15;1420
Media;Masculino;Alquilada;Soltero;Lejos;1;NA;Entre 3 y 7;821
Joven;Femenino;Alquilada;Casado;Cerca;1;Bajo;Entre 3 y 7;242
Joven;Femenino;Alquilada;Soltero;Cerca;1;Bajo;Entre 8 y 15;472
Media;Femenino;Alquilada;Casado;Cerca;2;Medio;Entre 8 y 15;1231
Media;Femenino;Alquilada;Soltero;Cerca;1;NA;Entre 8 y 15;881
Adulta;Masculino;Propia;Casado;Cerca;0;Bajo;Entre 8 y 15;435
Joven;Femenino;Alquilada;Soltero;Cerca;2;Bajo;Entre 8 y 15;108
Joven;Femenino;Alquilada;Casado;Cerca;2;Bajo;Entre 16 y 30;576
Joven;Masculino;Alquilada;Casado;Lejos;3;NA;Entre 16 y 30;1314
Joven;Masculino;Alquilada;Soltero;Cerca;0;NA;Entre 3 y 7;296
Joven;Femenino;Alquilada;Casado;Cerca;2;Medio;Entre 3 y 7;584
Media;Masculino;Alquilada;Soltero;Cerca;0;Alto;Entre 16 y 30;1156
Media;Masculino;Propia;Casado;Cerca;1;Alto;Entre 16 y 30;2464
Media;Femenino;Propia;Casado;Cerca;3;NA;Entre 16 y 30;915
Media;Masculino;Propia;Soltero;Cerca;0;NA;Entre 16 y 30;2091
Joven;Masculino;Alquilada;Casado;Lejos;0;Alto;Entre 16 y 30;1690
Media;Masculino;Propia;Soltero;Cerca;1;Medio;Entre 8 y 15;1274
Joven;Femenino;Alquilada;Soltero;Cerca;1;NA;Entre 16 y 30;1012
Media;Femenino;Alquilada;Soltero;Cerca;0;Medio;Entre 8 y 15;950
Joven;Masculino;Alquilada;Soltero;Cerca;2;NA;Entre 8 y 15;333
Media;Femenino;Propia;Casado;Cerca;2;Medio;Entre 16 y 30;679
Joven;Femenino;Propia;Soltero;Lejos;2;Medio;Entre 8 y 15;607
Adulta;Femenino;Propia;Casado;Lejos;0;Alto;Entre 16 y 30;3398
Media;Masculino;Propia;Casado;Cerca;0;Alto;Entre 3 y 7;859
Media;Masculino;Propia;Soltero;Lejos;2;Alto;Entre 16 y 30;2444
Media;Masculino;Propia;Casado;Cerca;2;Medio;Entre 16 y 30;1078
Media;Masculino;Alquilada;Casado;Lejos;3;Alto;Entre 16 y 30;2537
Joven;Masculino;Propia;Soltero;Cerca;0;Medio;Entre 3 y 7;616
Media;Femenino;Propia;Soltero;Cerca;3;NA;Entre 3 y 7;508
Adulta;Masculino;Propia;Casado;Lejos;0;Bajo;Entre 3 y 7;297
Media;Masculino;Propia;Casado;Cerca;0;NA;Entre 3 y 7;1583
Joven;Femenino;Alquilada;Soltero;Cerca;3;Bajo;Entre 3 y 7;79
Media;Femenino;Propia;Casado;Cerca;2;Medio;Entre 16 y 30;657
Media;Femenino;Propia;Casado;Cerca;0;Alto;Entre 16 y 30;2149
Adulta;Femenino;Alquilada;Casado;Lejos;0;Alto;Entre 16 y 30;3632
Media;Femenino;Propia;Casado;Cerca;0;Alto;Entre 16 y 30;2230
Media;Femenino;Propia;Soltero;Cerca;1;Medio;Entre 8 y 15;448
Media;Masculino;Alquilada;Soltero;Cerca;3;Bajo;Entre 16 y 30;301
Adulta;Masculino;Propia;Casado;Cerca;0;Alto;Entre 16 y 30;1968
Media;Femenino;Alquilada;Casado;Cerca;1;Medio;Entre 3 y 7;490
Media;Masculino;Propia;Casado;Cerca;1;Alto;Entre 16 y 30;3063
Media;Masculino;Propia;Soltero;Cerca;3;Bajo;Entre 3 y 7;193
Media;Femenino;Alquilada;Casado;Cerca;2;Medio;Entre 8 y 15;544
Media;Masculino;Propia;Casado;Lejos;1;Alto;Entre 16 y 30;2666
Media;Femenino;Propia;Casado;Cerca;0;Alto;Entre 16 y 30;1846
Media;Masculino;Propia;Casado;Lejos;1;NA;Entre 8 y 15;1255
Media;Masculino;Propia;Casado;Cerca;1;Alto;Entre 8 y 15;1081
Joven;Femenino;Alquilada;Soltero;Cerca;3;NA;Entre 3 y 7;199
Media;Masculino;Propia;Casado;Cerca;2;NA;Entre 16 y 30;3916
Adulta;Femenino;Propia;Soltero;Lejos;1;Bajo;Entre 3 y 7;357
Media;Femenino;Alquilada;Casado;Cerca;0;Medio;Entre 16 y 30;983
Media;Femenino;Alquilada;Soltero;Cerca;2;NA;Entre 8 y 15;1194
Media;Masculino;Alquilada;Casado;Cerca;2;NA;Entre 8 y 15;2224
Joven;Femenino;Alquilada;Soltero;Cerca;1;Bajo;Entre 3 y 7;90
Joven;Masculino;Alquilada;Casado;Cerca;0;NA;Entre 3 y 7;587
Adulta;Masculino;Propia;Casado;Cerca;0;Alto;Entre 8 y 15;1088
Joven;Femenino;Propia;Soltero;Cerca;1;NA;Entre 3 y 7;617
Media;Masculino;Propia;Casado;Lejos;1;NA;Entre 3 y 7;1227
Media;Femenino;Propia;Soltero;Cerca;1;Medio;Entre 16 y 30;662
Media;Femenino;Alquilada;Casado;Cerca;2;Bajo;Entre 16 y 30;622
Adulta;Masculino;Propia;Soltero;Cerca;0;Alto;Entre 8 y 15;1477
Joven;Femenino;Alquilada;Soltero;Cerca;1;NA;Entre 3 y 7;236
Media;Femenino;Alquilada;Casado;Lejos;1;Alto;Entre 8 y 15;1830
Media;Femenino;Alquilada;Casado;Cerca;0;Medio;Entre 16 y 30;1583
Adulta;Femenino;Propia;Soltero;Cerca;0;Medio;Entre 8 y 15;610
Joven;Femenino;Alquilada;Soltero;Cerca;0;Bajo;Entre 8 y 15;193
Joven;Masculino;Alquilada;Casado;Cerca;1;Medio;Entre 8 y 15;1052
Joven;Masculino;Alquilada;Soltero;Cerca;3;NA;Entre 3 y 7;307
Adulta;Masculino;Propia;Casado;Cerca;0;Alto;Entre 16 y 30;3671
Adulta;Femenino;Alquilada;Casado;Lejos;0;Alto;Entre 16 y 30;2206
Media;Femenino;Propia;Soltero;Lejos;2;Medio;Entre 16 y 30;748
Media;Masculino;Propia;Casado;Cerca;0;Alto;Entre 3 y 7;1481
Adulta;Masculino;Propia;Casado;Cerca;0;NA;Entre 16 y 30;1607
Adulta;Femenino;Alquilada;Soltero;Cerca;1;NA;Entre 3 y 7;632
Joven;Femenino;Alquilada;Soltero;Lejos;1;Bajo;Entre 3 y 7;303
Joven;Masculino;Alquilada;Soltero;Cerca;0;Bajo;Entre 3 y 7;264
Media;Masculino;Propia;Casado;Lejos;1;Alto;Entre 16 y 30;1575
Media;Masculino;Propia;Casado;Cerca;2;Medio;Entre 16 y 30;881
Joven;Masculino;Propia;Casado;Cerca;0;Medio;Entre 16 y 30;1439
Adulta;Femenino;Propia;Casado;Lejos;0;NA;Entre 8 y 15;452
Adulta;Femenino;Propia;Casado;Cerca;1;Bajo;Entre 3 y 7;93
Joven;Masculino;Alquilada;Soltero;Cerca;0;Bajo;Entre 16 y 30;292
Media;Femenino;Propia;Casado;Cerca;1;NA;Entre 3 y 7;1426
Joven;Femenino;Alquilada;Soltero;Lejos;2;Bajo;Entre 3 y 7;330
Media;Masculino;Propia;Casado;Lejos;0;Alto;Entre 16 y 30;3120
Media;Masculino;Propia;Casado;Lejos;1;Alto;Entre 16 y 30;5151
Media;Masculino;Propia;Casado;Lejos;2;NA;Entre 8 y 15;3941
Media;Masculino;Propia;Casado;Cerca;1;NA;Entre 16 y 30;2141
Joven;Masculino;Alquilada;Soltero;Cerca;0;NA;Entre 3 y 7;106
Joven;Femenino;Alquilada;Casado;Lejos;0;Medio;Entre 8 y 15;530
Media;Femenino;Propia;Soltero;Cerca;1;Medio;Entre 8 y 15;500
Media;Masculino;Propia;Casado;Cerca;0;Alto;Entre 16 y 30;2837
Adulta;Masculino;Propia;Casado;Cerca;0;Medio;Entre 16 y 30;1246
Media;Masculino;Alquilada;Soltero;Lejos;1;NA;Entre 3 y 7;798
Media;Masculino;Propia;Soltero;Cerca;0;NA;Entre 3 y 7;1544
Adulta;Masculino;Propia;Casado;Lejos;0;Alto;Entre 16 y 30;2644
Joven;Masculino;Alquilada;Soltero;Lejos;2;NA;Entre 3 y 7;192
Media;Femenino;Alquilada;Soltero;Lejos;3;Bajo;Entre 16 y 30;865
Media;Masculino;Propia;Casado;Cerca;0;Alto;Entre 3 y 7;1159
Joven;Femenino;Alquilada;Casado;Cerca;1;NA;Entre 16 y 30;1480
Media;Femenino;Alquilada;Casado;Cerca;1;Alto;Entre 16 y 30;1426
Media;Masculino;Propia;Casado;Cerca;1;NA;Entre 8 y 15;3048
Joven;Masculino;Alquilada;Soltero;Cerca;0;Bajo;Entre 8 y 15;276
Media;Masculino;Alquilada;Soltero;Cerca;0;Alto;Entre 16 y 30;1910
Joven;Femenino;Alquilada;Soltero;Cerca;3;NA;Entre 3 y 7;157
Media;Masculino;Propia;Soltero;Cerca;2;Bajo;Entre 3 y 7;236
Joven;Femenino;Alquilada;Soltero;Cerca;1;NA;Entre 8 y 15;576
Media;Masculino;Alquilada;Soltero;Lejos;1;Medio;Entre 8 y 15;794
Adulta;Femenino;Propia;Casado;Cerca;0;Alto;Entre 8 y 15;1474
Joven;Masculino;Alquilada;Soltero;Cerca;0;Bajo;Entre 3 y 7;250
Joven;Femenino;Alquilada;Soltero;Lejos;2;NA;Entre 16 y 30;788
Adulta;Masculino;Propia;Casado;Cerca;0;NA;Entre 8 y 15;1694
Adulta;Masculino;Propia;Casado;Lejos;0;Alto;Entre 16 y 30;1985
Adulta;Femenino;Propia;Soltero;Lejos;0;Medio;Entre 16 y 30;1252
Adulta;Femenino;Propia;Soltero;Cerca;0;NA;Entre 8 y 15;827
Joven;Femenino;Alquilada;Soltero;Cerca;0;NA;Entre 16 y 30;314
Media;Masculino;Propia;Casado;Cerca;1;Alto;Entre 3 y 7;880
Joven;Femenino;Alquilada;Soltero;Lejos;2;Bajo;Entre 3 y 7;466
Media;Masculino;Propia;Soltero;Cerca;3;Bajo;Entre 8 y 15;210
Media;Masculino;Propia;Soltero;Lejos;1;NA;Entre 16 y 30;902
Media;Masculino;Propia;Casado;Cerca;0;Alto;Entre 16 y 30;1274
Media;Masculino;Propia;Soltero;Cerca;1;NA;Entre 16 y 30;1631
Media;Masculino;Propia;Casado;Cerca;0;Alto;Entre 8 y 15;1220
Media;Femenino;Propia;Soltero;Cerca;1;Medio;Entre 8 y 15;801
Media;Femenino;Propia;Soltero;Cerca;0;NA;Entre 8 y 15;1090
Media;Masculino;Propia;Soltero;Cerca;0;Medio;Entre 16 y 30;1699
Media;Femenino;Alquilada;Soltero;Cerca;2;Bajo;Entre 3 y 7;273
Media;Masculino;Alquilada;Soltero;Cerca;1;Bajo;Entre 16 y 30;523
Media;Masculino;Propia;Casado;Cerca;0;NA;Entre 8 y 15;1437
Media;Femenino;Propia;Casado;Cerca;1;Alto;Entre 3 y 7;1888
Joven;Masculino;Alquilada;Soltero;Cerca;1;NA;Entre 8 y 15;476
Media;Femenino;Propia;Casado;Lejos;3;Alto;Entre 16 y 30;2632
Media;Femenino;Alquilada;Soltero;Cerca;3;Bajo;Entre 16 y 30;326
Adulta;Femenino;Alquilada;Soltero;Lejos;0;Bajo;Entre 3 y 7;446
Media;Masculino;Propia;Soltero;Lejos;1;Alto;Entre 16 y 30;1071
Adulta;Femenino;Propia;Casado;Cerca;0;Alto;Entre 8 y 15;1699
Adulta;Masculino;Alquilada;Casado;Cerca;0;Medio;Entre 3 y 7;966
Joven;Masculino;Propia;Soltero;Cerca;0;NA;Entre 8 y 15;567
Media;Femenino;Alquilada;Casado;Cerca;0;NA;Entre 3 y 7;1658
Media;Femenino;Alquilada;Soltero;Cerca;2;Bajo;Entre 3 y 7;173
Media;Masculino;Propia;Casado;Cerca;0;Alto;Entre 16 y 30;3344
Media;Masculino;Alquilada;Soltero;Cerca;0;Medio;Entre 8 y 15;1029
Joven;Femenino;Alquilada;Soltero;Cerca;0;Bajo;Entre 8 y 15;345
Media;Masculino;Propia;Soltero;Cerca;0;NA;Entre 3 y 7;712
Adulta;Masculino;Propia;Casado;Cerca;0;Alto;Entre 8 y 15;1841
Media;Femenino;Alquilada;Casado;Cerca;2;Bajo;Entre 3 y 7;409
Adulta;Femenino;Propia;Casado;Lejos;0;Alto;Entre 16 y 30;2710
Joven;Masculino;Alquilada;Casado;Lejos;0;Medio;Entre 8 y 15;592
Media;Masculino;Propia;Casado;Cerca;1;NA;Entre 16 y 30;2101
Media;Masculino;Propia;Casado;Cerca;0;NA;Entre 8 y 15;1473
Media;Femenino;Propia;Casado;Cerca;2;Medio;Entre 16 y 30;715
Adulta;Femenino;Propia;Casado;Lejos;0;Alto;Entre 16 y 30;2233
Media;Femenino;Propia;Soltero;Lejos;3;NA;Entre 3 y 7;921
Joven;Femenino;Alquilada;Soltero;Cerca;1;Bajo;Entre 3 y 7;216
Media;Femenino;Propia;Casado;Cerca;1;Alto;Entre 3 y 7;1781
Media;Femenino;Propia;Soltero;Cerca;2;Bajo;Entre 8 y 15;418
Joven;Masculino;Alquilada;Soltero;Cerca;1;Bajo;Entre 8 y 15;268
Joven;Masculino;Alquilada;Casado;Lejos;1;NA;Entre 3 y 7;1252
Joven;Femenino;Alquilada;Soltero;Cerca;0;Bajo;Entre 3 y 7;140
Media;Femenino;Propia;Soltero;Cerca;0;Medio;Entre 8 y 15;992
Media;Masculino;Alquilada;Soltero;Cerca;0;Medio;Entre 16 y 30;1388
Media;Femenino;Propia;Soltero;Cerca;2;Bajo;Entre 3 y 7;233
Media;Masculino;Alquilada;Soltero;Lejos;0;Alto;Entre 16 y 30;2304
Media;Femenino;Alquilada;Casado;Lejos;1;Alto;Entre 16 y 30;2177
Media;Masculino;Propia;Casado;Cerca;2;NA;Entre 8 y 15;1127
Joven;Masculino;Alquilada;Casado;Cerca;0;Medio;Entre 16 y 30;721
Adulta;Femenino;Propia;Soltero;Cerca;0;Medio;Entre 8 y 15;438
Joven;Femenino;Alquilada;Soltero;Cerca;2;NA;Entre 16 y 30;393
Media;Masculino;Propia;Soltero;Cerca;0;NA;Entre 16 y 30;1666
Media;Masculino;Propia;Casado;Cerca;1;NA;Entre 16 y 30;2448
Media;Femenino;Propia;Casado;Lejos;1;Alto;Entre 16 y 30;2563
Media;Masculino;Alquilada;Casado;Cerca;0;Alto;Entre 16 y 30;1763
Joven;Femenino;Alquilada;Soltero;Cerca;1;Bajo;Entre 3 y 7;184
Adulta;Femenino;Propia;Soltero;Cerca;0;Bajo;Entre 3 y 7;166
Media;Femenino;Alquilada;Casado;Cerca;2;NA;Entre 3 y 7;1014
Joven;Masculino;Alquilada;Casado;Cerca;0;Medio;Entre 16 y 30;1140
Media;Femenino;Propia;Soltero;Cerca;1;NA;Entre 16 y 30;1021
Media;Masculino;Propia;Casado;Cerca;1;Medio;Entre 16 y 30;1431
Media;Masculino;Propia;Casado;Lejos;1;Alto;Entre 16 y 30;5878
Media;Masculino;Propia;Soltero;Cerca;3;Bajo;Entre 3 y 7;321
Media;Masculino;Propia;Casado;Cerca;0;Alto;Entre 16 y 30;1974
Media;Masculino;Propia;Soltero;Cerca;0;Medio;Entre 16 y 30;1640
Joven;Femenino;Alquilada;Casado;Cerca;0;NA;Entre 3 y 7;1175
Media;Femenino;Propia;Casado;Cerca;3;Bajo;Entre 8 y 15;364
Joven;Masculino;Alquilada;Soltero;Cerca;0;NA;Entre 8 y 15;417
Media;Masculino;Alquilada;Soltero;Cerca;0;Medio;Entre 8 y 15;1060
Adulta;Femenino;Propia;Casado;Cerca;0;Alto;Entre 16 y 30;2176
Media;Femenino;Propia;Casado;Cerca;3;Bajo;Entre 3 y 7;200
Adulta;Femenino;Alquilada;Soltero;Lejos;0;NA;Entre 16 y 30;513
Media;Masculino;Alquilada;Soltero;Cerca;0;NA;Entre 16 y 30;857
Adulta;Femenino;Propia;Soltero;Cerca;0;Bajo;Entre 3 y 7;224
Joven;Masculino;Alquilada;Soltero;Cerca;0;Bajo;Entre 8 y 15;371
Joven;Masculino;Alquilada;Casado;Cerca;2;Bajo;Entre 8 y 15;687
Media;Masculino;Propia;Casado;Cerca;2;Medio;Entre 8 y 15;809
Media;Masculino;Propia;Casado;Cerca;2;Medio;Entre 16 y 30;2090
Adulta;Masculino;Propia;Soltero;Cerca;0;NA;Entre 16 y 30;1479
Media;Femenino;Propia;Casado;Cerca;2;Medio;Entre 3 y 7;534
Media;Masculino;Propia;Casado;Cerca;1;Medio;Entre 16 y 30;1172
Media;Masculino;Propia;Soltero;Cerca;2;Medio;Entre 16 y 30;968
Adulta;Femenino;Propia;Casado;Cerca;0;Alto;Entre 3 y 7;753
Adulta;Femenino;Alquilada;Soltero;Cerca;0;Bajo;Entre 3 y 7;242
Adulta;Masculino;Alquilada;Soltero;Cerca;1;Bajo;Entre 8 y 15;515
Media;Femenino;Propia;Casado;Cerca;3;NA;Entre 16 y 30;2119
Adulta;Femenino;Propia;Soltero;Cerca;0;Bajo;Entre 3 y 7;491
Media;Masculino;Propia;Casado;Cerca;3;Bajo;Entre 8 y 15;286
Adulta;Femenino;Alquilada;Casado;Lejos;0;Alto;Entre 16 y 30;3069
Joven;Femenino;Alquilada;Soltero;Cerca;2;NA;Entre 3 y 7;281
Joven;Masculino;Alquilada;Casado;Cerca;0;NA;Entre 16 y 30;1608
Adulta;Femenino;Propia;Soltero;Lejos;0;Medio;Entre 8 y 15;736
Joven;Femenino;Alquilada;Soltero;Cerca;2;Bajo;Entre 16 y 30;170
Joven;Femenino;Alquilada;Soltero;Cerca;2;Bajo;Entre 16 y 30;245
Media;Femenino;Alquilada;Casado;Cerca;0;Alto;Entre 16 y 30;3052
Media;Masculino;Propia;Soltero;Lejos;0;Alto;Entre 16 y 30;1786
Joven;Femenino;Alquilada;Soltero;Cerca;3;Bajo;Entre 3 y 7;47
Adulta;Masculino;Propia;Casado;Cerca;0;Medio;Entre 16 y 30;1645
Joven;Femenino;Propia;Soltero;Cerca;0;Bajo;Entre 3 y 7;274
Media;Masculino;Propia;Casado;Cerca;3;Medio;Entre 8 y 15;1001
Media;Masculino;Propia;Casado;Cerca;0;Alto;Entre 16 y 30;1944
Adulta;Masculino;Propia;Casado;Cerca;0;Alto;Entre 16 y 30;2585
Joven;Masculino;Alquilada;Soltero;Lejos;0;NA;Entre 3 y 7;260
Media;Masculino;Propia;Casado;Cerca;0;Alto;Entre 8 y 15;1414
Joven;Femenino;Alquilada;Soltero;Cerca;2;NA;Entre 8 y 15;341
Joven;Masculino;Alquilada;Soltero;Cerca;1;Bajo;Entre 8 y 15;268
Media;Masculino;Propia;Casado;Cerca;1;Alto;Entre 16 y 30;1237
Joven;Masculino;Alquilada;Soltero;Lejos;1;NA;Entre 16 y 30;589
Joven;Masculino;Alquilada;Soltero;Lejos;1;Bajo;Entre 8 y 15;368
Media;Femenino;Alquilada;Soltero;Cerca;1;Medio;Entre 8 y 15;940
Media;Femenino;Alquilada;Soltero;Cerca;3;Bajo;Entre 16 y 30;232
Media;Masculino;Propia;Casado;Cerca;3;Bajo;Entre 8 y 15;678
Joven;Masculino;Alquilada;Soltero;Cerca;0;NA;Entre 8 y 15;324
Joven;Masculino;Alquilada;Soltero;Cerca;2;Bajo;Entre 8 y 15;147
Adulta;Masculino;Propia;Soltero;Cerca;0;NA;Entre 3 y 7;694
Adulta;Femenino;Alquilada;Casado;Cerca;0;Medio;Entre 3 y 7;526
Media;Femenino;Alquilada;Soltero;Cerca;1;Bajo;Entre 8 y 15;586
Joven;Femenino;Propia;Soltero;Cerca;2;NA;Entre 8 y 15;491
Adulta;Femenino;Propia;Casado;Cerca;0;Alto;Entre 16 y 30;1436
Media;Femenino;Propia;Casado;Cerca;1;Alto;Entre 8 y 15;1280
Media;Masculino;Alquilada;Casado;Lejos;0;Alto;Entre 16 y 30;2107
Joven;Femenino;Propia;Soltero;Lejos;0;NA;Entre 8 y 15;860
Media;Femenino;Alquilada;Soltero;Lejos;1;NA;Entre 16 y 30;1624
Adulta;Femenino;Propia;Soltero;Cerca;0;NA;Entre 8 y 15;230
Adulta;Femenino;Propia;Casado;Lejos;2;Bajo;Entre 8 y 15;164
Media;Masculino;Alquilada;Soltero;Cerca;3;Bajo;Entre 3 y 7;157
Joven;Femenino;Alquilada;Soltero;Cerca;3;Bajo;Entre 3 y 7;62
Joven;Femenino;Alquilada;Soltero;Cerca;1;Bajo;Entre 16 y 30;223
Adulta;Femenino;Propia;Soltero;Cerca;0;Bajo;Entre 3 y 7;438
Media;Masculino;Propia;Casado;Cerca;3;NA;Entre 16 y 30;2705
Media;Femenino;Alquilada;Soltero;Cerca;1;Bajo;Entre 3 y 7;371
Adulta;Femenino;Propia;Soltero;Cerca;0;Bajo;Entre 3 y 7;201
Joven;Masculino;Alquilada;Casado;Cerca;0;NA;Entre 16 y 30;1213
Media;Masculino;Propia;Casado;Cerca;2;Medio;Entre 3 y 7;586
Media;Masculino;Propia;Casado;Lejos;2;Alto;Entre 16 y 30;2693
Adulta;Femenino;Propia;Casado;Cerca;0;Medio;Entre 16 y 30;1404
Media;Masculino;Propia;Soltero;Cerca;2;NA;Entre 16 y 30;2784
Joven;Femenino;Alquilada;Soltero;Cerca;2;Bajo;Entre 16 y 30;275
Media;Femenino;Propia;Casado;Cerca;1;Medio;Entre 8 y 15;794
Media;Masculino;Propia;Soltero;Cerca;0;Medio;Entre 8 y 15;964
Media;Femenino;Propia;Casado;Cerca;1;NA;Entre 16 y 30;1598
Media;Masculino;Propia;Casado;Lejos;3;Alto;Entre 16 y 30;2838
Adulta;Femenino;Propia;Soltero;Cerca;0;NA;Entre 3 y 7;619
Joven;Femenino;Alquilada;Casado;Cerca;3;Bajo;Entre 8 y 15;392
Adulta;Femenino;Propia;Casado;Cerca;0;NA;Entre 16 y 30;1850
Adulta;Masculino;Propia;Soltero;Cerca;0;NA;Entre 16 y 30;1506
Media;Masculino;Propia;Casado;Lejos;0;NA;Entre 16 y 30;3126
Media;Masculino;Propia;Soltero;Cerca;0;NA;Entre 3 y 7;1325
Media;Femenino;Propia;Casado;Cerca;0;NA;Entre 8 y 15;1541
Joven;Femenino;Alquilada;Casado;Lejos;0;Alto;Entre 16 y 30;2491
Media;Masculino;Propia;Soltero;Cerca;0;Alto;Entre 16 y 30;1177
Adulta;Femenino;Propia;Casado;Cerca;0;Alto;Entre 8 y 15;1487
Joven;Femenino;Alquilada;Soltero;Lejos;2;Bajo;Entre 8 y 15;322
Joven;Femenino;Alquilada;Casado;Cerca;1;Medio;Entre 3 y 7;647
Media;Femenino;Alquilada;Soltero;Lejos;0;Alto;Entre 8 y 15;1322
Joven;Masculino;Propia;Casado;Cerca;0;NA;Entre 3 y 7;1534
Joven;Masculino;Propia;Soltero;Cerca;3;NA;Entre 8 y 15;583
Media;Masculino;Alquilada;Casado;Cerca;1;NA;Entre 3 y 7;1705
Adulta;Femenino;Alquilada;Soltero;Lejos;0;Bajo;Entre 3 y 7;191
Joven;Masculino;Alquilada;Casado;Cerca;3;Bajo;Entre 3 y 7;239
Media;Masculino;Propia;Casado;Cerca;2;Medio;Entre 3 y 7;568
Joven;Femenino;Propia;Soltero;Cerca;3;NA;Entre 8 y 15;571
Adulta;Masculino;Alquilada;Casado;Cerca;0;Alto;Entre 3 y 7;919
Adulta;Femenino;Alquilada;Casado;Cerca;0;Medio;Entre 16 y 30;1398
Adulta;Femenino;Propia;Casado;Cerca;0;Medio;Entre 8 y 15;1025
Media;Masculino;Alquilada;Soltero;Cerca;1;Medio;Entre 8 y 15;909
Joven;Masculino;Alquilada;Soltero;Cerca;2;Bajo;Entre 8 y 15;209
Joven;Masculino;Alquilada;Soltero;Cerca;0;NA;Entre 3 y 7;245
Media;Masculino;Alquilada;Casado;Lejos;1;Alto;Entre 16 y 30;2362
Media;Masculino;Propia;Casado;Cerca;0;Alto;Entre 16 y 30;3380
Joven;Masculino;Alquilada;Soltero;Cerca;0;Bajo;Entre 16 y 30;424
Joven;Femenino;Alquilada;Casado;Lejos;1;Medio;Entre 8 y 15;1272
Media;Masculino;Propia;Casado;Cerca;1;Alto;Entre 16 y 30;1909
Media;Masculino;Propia;Casado;Cerca;3;Bajo;Entre 8 y 15;340
Media;Femenino;Propia;Soltero;Cerca;1;NA;Entre 16 y 30;1355
Media;Masculino;Alquilada;Casado;Cerca;3;Bajo;Entre 8 y 15;472
Joven;Masculino;Alquilada;Soltero;Cerca;0;Bajo;Entre 8 y 15;303
Media;Masculino;Alquilada;Soltero;Lejos;1;NA;Entre 3 y 7;1079
Adulta;Femenino;Propia;Soltero;Cerca;0;Medio;Entre 16 y 30;981
Joven;Femenino;Alquilada;Soltero;Lejos;2;Bajo;Entre 8 y 15;160
Media;Femenino;Propia;Casado;Cerca;1;NA;Entre 3 y 7;613
Joven;Femenino;Alquilada;Soltero;Lejos;1;Bajo;Entre 8 y 15;662
Media;Masculino;Alquilada;Casado;Cerca;3;Bajo;Entre 3 y 7;177
Media;Masculino;Alquilada;Soltero;Cerca;0;Alto;Entre 3 y 7;785
Joven;Femenino;Alquilada;Soltero;Lejos;1;NA;Entre 16 y 30;349
Media;Femenino;Alquilada;Casado;Cerca;3;Bajo;Entre 3 y 7;213
Adulta;Femenino;Propia;Casado;Lejos;0;Medio;Entre 16 y 30;1578
Adulta;Femenino;Propia;Soltero;Cerca;0;Bajo;Entre 3 y 7;258
Joven;Femenino;Alquilada;Soltero;Cerca;0;NA;Entre 3 y 7;192
Joven;Masculino;Alquilada;Soltero;Cerca;0;Bajo;Entre 8 y 15;289
Media;Masculino;Propia;Casado;Cerca;1;Alto;Entre 16 y 30;1821
Joven;Femenino;Alquilada;Soltero;Lejos;0;Medio;Entre 16 y 30;905
Media;Masculino;Alquilada;Casado;Cerca;2;Bajo;Entre 3 y 7;188
Media;Masculino;Alquilada;Soltero;Cerca;0;NA;Entre 16 y 30;1405
Adulta;Masculino;Propia;Casado;Cerca;0;NA;Entre 16 y 30;2381
Joven;Femenino;Alquilada;Soltero;Cerca;1;Bajo;Entre 3 y 7;184
Media;Masculino;Propia;Soltero;Cerca;3;NA;Entre 8 y 15;1364
Joven;Masculino;Alquilada;Soltero;Cerca;0;NA;Entre 8 y 15;414
Joven;Femenino;Alquilada;Soltero;Cerca;2;NA;Entre 3 y 7;387
Joven;Masculino;Alquilada;Soltero;Cerca;1;Bajo;Entre 16 y 30;504
Media;Masculino;Propia;Casado;Cerca;2;Medio;Entre 8 y 15;574
Media;Masculino;Alquilada;Soltero;Cerca;0;Medio;Entre 3 y 7;984
Media;Masculino;Propia;Casado;Lejos;0;Alto;Entre 16 y 30;5209
Joven;Femenino;Alquilada;Soltero;Lejos;1;NA;Entre 8 y 15;422
Media;Masculino;Propia;Casado;Cerca;0;Alto;Entre 16 y 30;1594
Media;Femenino;Alquilada;Soltero;Lejos;3;NA;Entre 16 y 30;1087
Joven;Femenino;Alquilada;Soltero;Cerca;1;NA;Entre 3 y 7;163
Media;Masculino;Propia;Soltero;Cerca;3;Bajo;Entre 16 y 30;427
Media;Femenino;Alquilada;Soltero;Cerca;1;Medio;Entre 3 y 7;624
Joven;Femenino;Propia;Casado;Lejos;1;NA;Entre 3 y 7;788
Joven;Femenino;Alquilada;Soltero;Lejos;2;NA;Entre 16 y 30;414
Adulta;Femenino;Propia;Casado;Lejos;0;Alto;Entre 16 y 30;3001
Adulta;Femenino;Propia;Casado;Cerca;0;Alto;Entre 3 y 7;863
Media;Femenino;Propia;Casado;Cerca;1;NA;Entre 8 y 15;1517
Media;Masculino;Propia;Casado;Lejos;3;NA;Entre 3 y 7;836
Media;Masculino;Propia;Soltero;Cerca;0;Alto;Entre 8 y 15;1152
Joven;Masculino;Alquilada;Casado;Lejos;3;NA;Entre 3 y 7;1408
Joven;Masculino;Alquilada;Casado;Lejos;0;NA;Entre 8 y 15;1082
Joven;Masculino;Alquilada;Casado;Lejos;0;NA;Entre 8 y 15;1162
Media;Femenino;Propia;Soltero;Cerca;2;Bajo;Entre 3 y 7;358
Joven;Femenino;Propia;Soltero;Cerca;1;Bajo;Entre 8 y 15;304
Joven;Femenino;Propia;Soltero;Lejos;0;NA;Entre 8 y 15;360
Media;Masculino;Propia;Casado;Cerca;2;Medio;Entre 8 y 15;1162
Adulta;Femenino;Alquilada;Soltero;Lejos;0;Bajo;Entre 3 y 7;348
Joven;Femenino;Alquilada;Soltero;Cerca;3;NA;Entre 8 y 15;206
Joven;Femenino;Alquilada;Soltero;Cerca;2;Bajo;Entre 8 y 15;114
Media;Femenino;Propia;Soltero;Cerca;1;NA;Entre 16 y 30;932
Joven;Femenino;Propia;Soltero;Cerca;2;Bajo;Entre 16 y 30;446
Media;Masculino;Propia;Casado;Cerca;1;NA;Entre 8 y 15;2466
Joven;Femenino;Propia;Soltero;Lejos;1;NA;Entre 8 y 15;576
Adulta;Masculino;Alquilada;Casado;Lejos;0;NA;Entre 8 y 15;428
Media;Masculino;Propia;Casado;Cerca;1;Alto;Entre 16 y 30;2247
Media;Femenino;Alquilada;Casado;Lejos;3;Medio;Entre 16 y 30;716
Media;Masculino;Propia;Casado;Cerca;1;NA;Entre 8 y 15;1017
Media;Femenino;Propia;Casado;Cerca;2;Bajo;Entre 16 y 30;613
Media;Femenino;Alquilada;Casado;Cerca;2;Medio;Entre 8 y 15;580
Media;Masculino;Alquilada;Soltero;Cerca;0;Medio;Entre 8 y 15;841
Joven;Masculino;Alquilada;Soltero;Cerca;0;Bajo;Entre 16 y 30;737
Media;Femenino;Propia;Soltero;Cerca;2;NA;Entre 8 y 15;1162
Media;Femenino;Propia;Casado;Cerca;2;Medio;Entre 16 y 30;895
Joven;Femenino;Alquilada;Soltero;Lejos;3;Bajo;Entre 16 y 30;205
Media;Femenino;Propia;Casado;Cerca;1;NA;Entre 8 y 15;2340
Media;Femenino;Alquilada;Soltero;Cerca;1;Bajo;Entre 16 y 30;630
Joven;Masculino;Alquilada;Soltero;Lejos;0;Bajo;Entre 16 y 30;407
Media;Masculino;Propia;Casado;Cerca;3;NA;Entre 16 y 30;2122
Joven;Femenino;Alquilada;Soltero;Cerca;1;Bajo;Entre 8 y 15;227
Media;Masculino;Alquilada;Soltero;Cerca;0;Medio;Entre 16 y 30;1149
Adulta;Femenino;Propia;Casado;Cerca;1;Medio;Entre 8 y 15;669
Media;Masculino;Alquilada;Casado;Lejos;2;NA;Entre 16 y 30;2935
Media;Femenino;Propia;Soltero;Cerca;0;NA;Entre 16 y 30;1444
Adulta;Femenino;Propia;Casado;Lejos;0;Medio;Entre 8 y 15;1384
Adulta;Masculino;Propia;Casado;Cerca;0;NA;Entre 8 y 15;1557
Adulta;Masculino;Alquilada;Casado;Cerca;0;Medio;Entre 8 y 15;802
Joven;Femenino;Alquilada;Casado;Cerca;1;NA;Entre 16 y 30;1611
Adulta;Femenino;Propia;Casado;Lejos;0;NA;Entre 8 y 15;2047
Media;Masculino;Alquilada;Soltero;Cerca;0;Medio;Entre 16 y 30;1175
Joven;Masculino;Alquilada;Casado;Cerca;0;Medio;Entre 16 y 30;1011
Adulta;Femenino;Propia;Soltero;Cerca;0;Bajo;Entre 16 y 30;1062
Joven;Femenino;Alquilada;Soltero;Cerca;1;Bajo;Entre 8 y 15;271
Adulta;Masculino;Propia;Casado;Lejos;0;Alto;Entre 16 y 30;2690
Adulta;Femenino;Alquilada;Soltero;Cerca;0;Medio;Entre 16 y 30;918
Media;Masculino;Propia;Casado;Cerca;0;Alto;Entre 16 y 30;2438
Media;Femenino;Propia;Soltero;Lejos;2;Medio;Entre 8 y 15;1307
Media;Femenino;Alquilada;Soltero;Lejos;2;NA;Entre 8 y 15;1185
Joven;Femenino;Alquilada;Soltero;Cerca;2;Bajo;Entre 8 y 15;180
Media;Masculino;Propia;Casado;Cerca;1;NA;Entre 8 y 15;1198
Joven;Masculino;Alquilada;Casado;Cerca;1;Medio;Entre 16 y 30;1001
Media;Masculino;Alquilada;Soltero;Cerca;0;Medio;Entre 16 y 30;1355
Media;Masculino;Alquilada;Soltero;Lejos;2;NA;Entre 3 y 7;989
Media;Masculino;Alquilada;Soltero;Lejos;0;Alto;Entre 8 y 15;1803
Media;Femenino;Propia;Casado;Cerca;3;NA;Entre 3 y 7;2840
Media;Masculino;Alquilada;Soltero;Lejos;0;Alto;Entre 16 y 30;1909
Joven;Masculino;Alquilada;Casado;Cerca;1;Bajo;Entre 3 y 7;247
Joven;Masculino;Alquilada;Soltero;Lejos;1;NA;Entre 8 y 15;814
Joven;Masculino;Alquilada;Casado;Cerca;3;Bajo;Entre 8 y 15;216
Joven;Femenino;Alquilada;Soltero;Lejos;1;NA;Entre 16 y 30;365
Joven;Femenino;Alquilada;Soltero;Cerca;2;Bajo;Entre 16 y 30;163
Adulta;Femenino;Propia;Soltero;Lejos;0;Medio;Entre 16 y 30;933
Adulta;Masculino;Propia;Soltero;Cerca;0;Medio;Entre 3 y 7;654
Joven;Femenino;Alquilada;Soltero;Cerca;3;NA;Entre 3 y 7;153
Media;Masculino;Alquilada;Soltero;Cerca;0;NA;Entre 8 y 15;1668
Media;Masculino;Alquilada;Soltero;Lejos;1;Medio;Entre 16 y 30;1009
Media;Femenino;Alquilada;Soltero;Lejos;1;Medio;Entre 16 y 30;1659
Media;Masculino;Propia;Casado;Lejos;1;Alto;Entre 3 y 7;1905
Joven;Femenino;Alquilada;Soltero;Cerca;3;NA;Entre 3 y 7;521
Media;Masculino;Alquilada;Soltero;Cerca;2;NA;Entre 3 y 7;826
Adulta;Femenino;Propia;Casado;Lejos;0;Alto;Entre 16 y 30;2610
Media;Masculino;Propia;Casado;Cerca;2;Medio;Entre 16 y 30;1194
Media;Femenino;Alquilada;Casado;Cerca;1;NA;Entre 16 y 30;1181
Joven;Masculino;Alquilada;Soltero;Cerca;0;NA;Entre 16 y 30;362
Joven;Femenino;Propia;Soltero;Lejos;1;Medio;Entre 8 y 15;768
Media;Femenino;Alquilada;Soltero;Cerca;1;Bajo;Entre 8 y 15;381
Media;Masculino;Alquilada;Casado;Lejos;3;Medio;Entre 16 y 30;1811
Media;Masculino;Alquilada;Soltero;Lejos;1;Medio;Entre 16 y 30;1218
Adulta;Masculino;Propia;Casado;Lejos;0;NA;Entre 16 y 30;1413
Media;Femenino;Propia;Soltero;Cerca;1;NA;Entre 8 y 15;1748
Adulta;Masculino;Alquilada;Soltero;Cerca;0;Medio;Entre 16 y 30;639
Adulta;Femenino;Propia;Casado;Cerca;0;Alto;Entre 16 y 30;1582
Joven;Masculino;Alquilada;Soltero;Lejos;1;NA;Entre 8 y 15;376
Media;Masculino;Propia;Casado;Cerca;0;NA;Entre 8 y 15;1757
Joven;Femenino;Alquilada;Casado;Cerca;3;Bajo;Entre 3 y 7;105
Media;Masculino;Alquilada;Casado;Cerca;0;Alto;Entre 8 y 15;2631
Joven;Femenino;Propia;Soltero;Lejos;2;Bajo;Entre 16 y 30;486
Media;Masculino;Alquilada;Soltero;Cerca;1;NA;Entre 3 y 7;412
Media;Masculino;Alquilada;Soltero;Cerca;0;Medio;Entre 8 y 15;716
Joven;Femenino;Alquilada;Casado;Cerca;2;Bajo;Entre 16 y 30;653
Media;Femenino;Alquilada;Soltero;Cerca;1;Bajo;Entre 3 y 7;224
Media;Masculino;Alquilada;Casado;Cerca;2;Medio;Entre 16 y 30;705
Media;Masculino;Propia;Casado;Cerca;1;NA;Entre 16 y 30;4984
Joven;Femenino;Alquilada;Soltero;Cerca;2;Bajo;Entre 16 y 30;197
Media;Masculino;Propia;Casado;Lejos;0;NA;Entre 16 y 30;2450
Media;Masculino;Propia;Soltero;Cerca;0;NA;Entre 16 y 30;2561
Joven;Masculino;Alquilada;Soltero;Lejos;0;Bajo;Entre 3 y 7;563
Media;Femenino;Alquilada;Soltero;Cerca;0;NA;Entre 8 y 15;546
Media;Masculino;Propia;Casado;Lejos;1;Alto;Entre 16 y 30;3384
Media;Masculino;Propia;Soltero;Cerca;2;Bajo;Entre 8 y 15;416
Adulta;Femenino;Propia;Casado;Cerca;0;Medio;Entre 3 y 7;685
Adulta;Masculino;Propia;Casado;Lejos;0;Alto;Entre 16 y 30;1931
Adulta;Femenino;Alquilada;Soltero;Cerca;0;Medio;Entre 8 y 15;573
Media;Femenino;Propia;Soltero;Lejos;1;Alto;Entre 16 y 30;1553
Joven;Femenino;Alquilada;Soltero;Cerca;2;NA;Entre 3 y 7;362
Joven;Masculino;Alquilada;Soltero;Lejos;0;Medio;Entre 16 y 30;907
Adulta;Femenino;Propia;Casado;Cerca;0;Bajo;Entre 16 y 30;445
Adulta;Femenino;Alquilada;Casado;Cerca;0;Alto;Entre 16 y 30;1342
Joven;Femenino;Alquilada;Soltero;Lejos;2;Bajo;Entre 8 y 15;457
Media;Femenino;Alquilada;Casado;Cerca;0;Medio;Entre 16 y 30;1598
Adulta;Femenino;Propia;Casado;Cerca;0;Alto;Entre 8 y 15;1861
Adulta;Masculino;Propia;Casado;Cerca;0;Alto;Entre 16 y 30;4109
Media;Femenino;Propia;Soltero;Cerca;0;NA;Entre 16 y 30;3278
Media;Masculino;Alquilada;Soltero;Cerca;1;Bajo;Entre 3 y 7;421
Adulta;Femenino;Alquilada;Soltero;Cerca;0;NA;Entre 8 y 15;275
Media;Masculino;Alquilada;Soltero;Cerca;0;Alto;Entre 8 y 15;1475
Media;Masculino;Propia;Casado;Cerca;0;Alto;Entre 16 y 30;1779
Joven;Masculino;Alquilada;Casado;Cerca;3;NA;Entre 16 y 30;1634
Media;Femenino;Propia;Casado;Cerca;2;NA;Entre 8 y 15;1500
Joven;Masculino;Propia;Casado;Cerca;0;Alto;Entre 16 y 30;1348
Adulta;Femenino;Propia;Soltero;Cerca;0;NA;Entre 8 y 15;962
Joven;Masculino;Alquilada;Soltero;Cerca;0;Bajo;Entre 8 y 15;328
Joven;Femenino;Alquilada;Casado;Cerca;1;NA;Entre 16 y 30;747
Media;Femenino;Propia;Casado;Cerca;1;Alto;Entre 8 y 15;1713
Adulta;Femenino;Alquilada;Casado;Cerca;0;Medio;Entre 8 y 15;1006
Adulta;Masculino;Propia;Casado;Cerca;0;NA;Entre 8 y 15;2523
Adulta;Femenino;Propia;Casado;Cerca;0;Alto;Entre 8 y 15;2458
Joven;Masculino;Alquilada;Soltero;Lejos;0;Bajo;Entre 16 y 30;742
Joven;Femenino;Alquilada;Casado;Lejos;1;NA;Entre 16 y 30;1639
Media;Femenino;Propia;Soltero;Cerca;0;Medio;Entre 8 y 15;843
Adulta;Masculino;Alquilada;Soltero;Cerca;0;Medio;Entre 16 y 30;886
Media;Femenino;Alquilada;Casado;Cerca;1;Alto;Entre 16 y 30;2746
Joven;Femenino;Alquilada;Soltero;Lejos;1;Bajo;Entre 8 y 15;550
Media;Masculino;Alquilada;Casado;Lejos;2;Alto;Entre 16 y 30;2098
Media;Femenino;Alquilada;Casado;Cerca;2;Medio;Entre 16 y 30;954
Media;Femenino;Alquilada;Casado;Cerca;1;Medio;Entre 8 y 15;1041
Adulta;Femenino;Alquilada;Soltero;Lejos;0;Bajo;Entre 3 y 7;535
Media;Femenino;Alquilada;Soltero;Cerca;0;NA;Entre 16 y 30;1369
Adulta;Masculino;Propia;Casado;Lejos;0;Alto;Entre 16 y 30;2545
Joven;Masculino;Alquilada;Soltero;Cerca;1;NA;Entre 8 y 15;329
Media;Masculino;Propia;Soltero;Cerca;0;NA;Entre 3 y 7;1351
Adulta;Femenino;Propia;Casado;Cerca;0;Bajo;Entre 16 y 30;582
Media;Masculino;Alquilada;Casado;Cerca;2;Medio;Entre 16 y 30;578
Adulta;Femenino;Alquilada;Soltero;Cerca;0;NA;Entre 16 y 30;195
Adulta;Femenino;Alquilada;Casado;Cerca;0;Alto;Entre 8 y 15;777
Media;Femenino;Propia;Casado;Cerca;1;Alto;Entre 8 y 15;1133
Media;Masculino;Propia;Casado;Cerca;2;Medio;Entre 16 y 30;1566
Media;Femenino;Alquilada;Casado;Cerca;0;Alto;Entre 8 y 15;1651
Media;Femenino;Alquilada;Casado;Cerca;0;NA;Entre 16 y 30;3168
Media;Masculino;Alquilada;Soltero;Cerca;1;Medio;Entre 16 y 30;699
Media;Masculino;Propia;Casado;Cerca;0;Alto;Entre 16 y 30;2034
Adulta;Femenino;Propia;Casado;Cerca;0;Alto;Entre 8 y 15;1457
Joven;Masculino;Alquilada;Soltero;Cerca;0;NA;Entre 16 y 30;395
Media;Masculino;Propia;Casado;Cerca;0;Medio;Entre 3 y 7;541
Media;Masculino;Propia;Soltero;Lejos;0;Alto;Entre 16 y 30;2844
Media;Femenino;Alquilada;Soltero;Cerca;3;Bajo;Entre 16 y 30;225
Joven;Femenino;Alquilada;Soltero;Cerca;1;Bajo;Entre 3 y 7;210
Joven;Masculino;Alquilada;Soltero;Cerca;3;Bajo;Entre 3 y 7;43
Media;Femenino;Alquilada;Soltero;Cerca;3;Bajo;Entre 16 y 30;243
Adulta;Femenino;Propia;Casado;Cerca;0;Bajo;Entre 16 y 30;1120
Adulta;Masculino;Propia;Soltero;Lejos;0;Alto;Entre 3 y 7;975
Media;Femenino;Propia;Casado;Cerca;3;NA;Entre 16 y 30;2904
Media;Masculino;Propia;Casado;Cerca;2;Medio;Entre 8 y 15;927
Adulta;Masculino;Propia;Casado;Cerca;0;Alto;Entre 16 y 30;3167
Joven;Femenino;Alquilada;Soltero;Lejos;0;Bajo;Entre 3 y 7;241
Adulta;Femenino;Propia;Soltero;Cerca;2;Bajo;Entre 3 y 7;65
Media;Femenino;Propia;Casado;Lejos;3;Medio;Entre 8 y 15;858
Media;Femenino;Alquilada;Casado;Lejos;1;NA;Entre 3 y 7;2191
Adulta;Femenino;Alquilada;Casado;Cerca;0;Alto;Entre 16 y 30;1946
Media;Masculino;Propia;Casado;Lejos;3;NA;Entre 8 y 15;2581
Joven;Femenino;Propia;Soltero;Cerca;3;Bajo;Entre 8 y 15;172
Media;Masculino;Propia;Casado;Cerca;2;Medio;Entre 8 y 15;824
Adulta;Femenino;Alquilada;Soltero;Cerca;0;Bajo;Entre 8 y 15;556
Joven;Femenino;Alquilada;Soltero;Lejos;1;Bajo;Entre 3 y 7;167
Media;Masculino;Alquilada;Casado;Cerca;1;Alto;Entre 8 y 15;2104
Media;Femenino;Propia;Casado;Cerca;1;Medio;Entre 16 y 30;1332
Media;Femenino;Alquilada;Soltero;Cerca;1;Medio;Entre 16 y 30;829
Joven;Femenino;Alquilada;Soltero;Cerca;1;NA;Entre 8 y 15;229
Media;Masculino;Propia;Casado;Lejos;0;Alto;Entre 16 y 30;3442
Media;Masculino;Propia;Casado;Lejos;0;Alto;Entre 3 y 7;1893
Adulta;Femenino;Propia;Soltero;Lejos;2;Medio;Entre 3 y 7;690
Joven;Femenino;Alquilada;Casado;Cerca;1;Medio;Entre 3 y 7;486
Media;Masculino;Propia;Soltero;Lejos;1;Alto;Entre 8 y 15;2290
Media;Masculino;Alquilada;Soltero;Cerca;0;NA;Entre 3 y 7;934
Joven;Femenino;Alquilada;Soltero;Cerca;2;NA;Entre 16 y 30;517
Joven;Femenino;Alquilada;Casado;Cerca;0;NA;Entre 8 y 15;2216
Media;Femenino;Alquilada;Casado;Cerca;1;Alto;Entre 16 y 30;1521
Media;Masculino;Alquilada;Soltero;Lejos;0;Alto;Entre 16 y 30;1523
Media;Femenino;Propia;Casado;Cerca;1;Alto;Entre 16 y 30;1364
Media;Masculino;Propia;Soltero;Cerca;0;NA;Entre 8 y 15;952
Media;Masculino;Propia;Casado;Cerca;1;Alto;Entre 3 y 7;871
Media;Femenino;Propia;Casado;Cerca;3;Bajo;Entre 8 y 15;295
Adulta;Femenino;Alquilada;Casado;Cerca;0;Medio;Entre 8 y 15;642
Adulta;Femenino;Propia;Soltero;Lejos;0;Bajo;Entre 3 y 7;317
Adulta;Femenino;Propia;Casado;Cerca;0;Medio;Entre 8 y 15;1078
Media;Masculino;Propia;Soltero;Lejos;2;Medio;Entre 16 y 30;961
Media;Masculino;Propia;Soltero;Lejos;2;Alto;Entre 16 y 30;1241
Media;Femenino;Propia;Casado;Cerca;1;NA;Entre 16 y 30;1999
Joven;Masculino;Alquilada;Soltero;Lejos;0;NA;Entre 16 y 30;571
Joven;Femenino;Alquilada;Soltero;Cerca;1;NA;Entre 8 y 15;329
Media;Masculino;Alquilada;Soltero;Lejos;0;Alto;Entre 16 y 30;1984
Media;Masculino;Propia;Soltero;Cerca;1;Medio;Entre 16 y 30;1061
Media;Masculino;Propia;Soltero;Lejos;0;Alto;Entre 8 y 15;1955
Media;Masculino;Alquilada;Soltero;Cerca;2;Bajo;Entre 16 y 30;580
Adulta;Femenino;Propia;Soltero;Cerca;0;Medio;Entre 16 y 30;883
Media;Femenino;Alquilada;Soltero;Lejos;2;Medio;Entre 8 y 15;1195
Media;Masculino;Propia;Casado;Cerca;1;Alto;Entre 8 y 15;2318
Joven;Femenino;Alquilada;Casado;Cerca;0;NA;Entre 3 y 7;640
Media;Masculino;Alquilada;Casado;Cerca;1;Alto;Entre 16 y 30;2644
Joven;Femenino;Propia;Soltero;Lejos;1;NA;Entre 16 y 30;1320
Joven;Femenino;Propia;Soltero;Cerca;1;Medio;Entre 3 y 7;502
Adulta;Femenino;Propia;Casado;Cerca;0;Alto;Entre 16 y 30;2419
Media;Masculino;Propia;Casado;Cerca;2;Medio;Entre 3 y 7;661
Media;Masculino;Propia;Soltero;Lejos;0;Alto;Entre 16 y 30;2723
Media;Masculino;Propia;Casado;Cerca;0;Alto;Entre 3 y 7;1588
Adulta;Femenino;Propia;Casado;Cerca;3;Bajo;Entre 8 y 15;581
Joven;Masculino;Alquilada;Casado;Cerca;1;Medio;Entre 8 y 15;1432
Adulta;Masculino;Propia;Soltero;Cerca;0;Medio;Entre 8 y 15;929
Media;Femenino;Alquilada;Casado;Cerca;3;Bajo;Entre 3 y 7;212
Media;Masculino;Propia;Casado;Cerca;0;Alto;Entre 16 y 30;2546
Media;Masculino;Alquilada;Soltero;Cerca;0;NA;Entre 16 y 30;1344
Adulta;Femenino;Propia;Casado;Cerca;0;NA;Entre 16 y 30;947
Media;Masculino;Alquilada;Casado;Lejos;1;NA;Entre 16 y 30;2145
Media;Masculino;Propia;Casado;Cerca;1;Medio;Entre 3 y 7;757
Media;Femenino;Propia;Soltero;Lejos;1;NA;Entre 3 y 7;451
Adulta;Masculino;Propia;Casado;Cerca;1;Alto;Entre 16 y 30;2975
Joven;Femenino;Alquilada;Soltero;Cerca;0;NA;Entre 16 y 30;406
Media;Femenino;Propia;Soltero;Cerca;3;Bajo;Entre 3 y 7;158
Joven;Masculino;Propia;Soltero;Cerca;0;NA;Entre 16 y 30;534
Joven;Masculino;Alquilada;Soltero;Cerca;0;Bajo;Entre 8 y 15;401
Media;Femenino;Propia;Casado;Cerca;1;Alto;Entre 16 y 30;1753
Joven;Femenino;Alquilada;Soltero;Cerca;0;Bajo;Entre 16 y 30;659
Media;Masculino;Propia;Casado;Cerca;2;Medio;Entre 3 y 7;726
Joven;Femenino;Propia;Casado;Cerca;1;NA;Entre 16 y 30;1166
Adulta;Masculino;Propia;Soltero;Cerca;2;NA;Entre 16 y 30;1197
Joven;Femenino;Alquilada;Soltero;Lejos;0;Bajo;Entre 3 y 7;411
Media;Femenino;Propia;Casado;Cerca;1;Alto;Entre 16 y 30;2258
Media;Femenino;Propia;Soltero;Lejos;3;Medio;Entre 16 y 30;1913
Joven;Femenino;Alquilada;Soltero;Lejos;1;Medio;Entre 16 y 30;893
Joven;Femenino;Alquilada;Soltero;Cerca;1;NA;Entre 3 y 7;421
Media;Femenino;Propia;Soltero;Cerca;3;NA;Entre 3 y 7;1138
Adulta;Femenino;Propia;Casado;Lejos;0;NA;Entre 8 y 15;1804
Media;Masculino;Propia;Soltero;Cerca;0;Alto;Entre 16 y 30;1418
Media;Masculino;Alquilada;Casado;Cerca;2;Medio;Entre 16 y 30;1104
Media;Masculino;Propia;Casado;Cerca;3;NA;Entre 8 y 15;2796
Adulta;Femenino;Propia;Casado;Cerca;0;Alto;Entre 16 y 30;1403
Adulta;Masculino;Propia;Casado;Lejos;2;Alto;Entre 16 y 30;3230
Media;Masculino;Propia;Casado;Cerca;3;NA;Entre 3 y 7;1352
Adulta;Femenino;Propia;Casado;Cerca;0;Alto;Entre 16 y 30;2004
Joven;Femenino;Alquilada;Soltero;Cerca;1;Bajo;Entre 16 y 30;403
Adulta;Femenino;Propia;Casado;Lejos;0;Alto;Entre 16 y 30;3995
Joven;Femenino;Alquilada;Soltero;Lejos;1;Bajo;Entre 3 y 7;390
Adulta;Masculino;Alquilada;Casado;Cerca;0;Medio;Entre 3 y 7;770
Media;Femenino;Alquilada;Soltero;Cerca;0;NA;Entre 3 y 7;963
Joven;Femenino;Alquilada;Casado;Cerca;0;Medio;Entre 3 y 7;833
Media;Femenino;Propia;Soltero;Cerca;1;Medio;Entre 8 y 15;869
Media;Masculino;Alquilada;Casado;Lejos;2;Medio;Entre 8 y 15;926
Media;Masculino;Propia;Casado;Cerca;0;Alto;Entre 16 y 30;3780
Media;Femenino;Alquilada;Casado;Cerca;1;Medio;Entre 16 y 30;1023
Media;Masculino;Alquilada;Soltero;Cerca;1;Medio;Entre 3 y 7;791
Media;Masculino;Propia;Casado;Cerca;3;NA;Entre 8 y 15;1473
Media;Masculino;Propia;Casado;Cerca;2;NA;Entre 3 y 7;1597
Media;Masculino;Alquilada;Soltero;Cerca;0;Medio;Entre 3 y 7;1150
Media;Masculino;Alquilada;Casado;Cerca;3;Bajo;Entre 3 y 7;304
Adulta;Femenino;Propia;Casado;Lejos;0;Alto;Entre 8 y 15;1693
Joven;Masculino;Propia;Soltero;Cerca;3;Bajo;Entre 16 y 30;269
Media;Femenino;Alquilada;Casado;Lejos;1;Alto;Entre 16 y 30;1430
Media;Masculino;Alquilada;Casado;Cerca;2;NA;Entre 16 y 30;2729
Media;Masculino;Propia;Casado;Cerca;0;Alto;Entre 3 y 7;1760
Media;Masculino;Propia;Soltero;Cerca;1;Medio;Entre 16 y 30;1271
Media;Femenino;Propia;Casado;Cerca;3;Bajo;Entre 8 y 15;356
Adulta;Masculino;Alquilada;Casado;Lejos;0;NA;Entre 3 y 7;1024
Media;Masculino;Alquilada;Casado;Cerca;2;Medio;Entre 3 y 7;524
Media;Masculino;Alquilada;Casado;Cerca;1;Alto;Entre 16 y 30;1211
Joven;Femenino;Alquilada;Soltero;Cerca;3;NA;Entre 3 y 7;636
Joven;Masculino;Alquilada;Soltero;Lejos;0;Bajo;Entre 16 y 30;645
Joven;Masculino;Alquilada;Soltero;Lejos;0;Bajo;Entre 16 y 30;472
Adulta;Masculino;Propia;Casado;Cerca;0;Alto;Entre 3 y 7;1512
Media;Masculino;Alquilada;Soltero;Lejos;0;Alto;Entre 16 y 30;1634
Joven;Masculino;Alquilada;Soltero;Cerca;3;Bajo;Entre 16 y 30;182
Media;Masculino;Alquilada;Casado;Lejos;3;Medio;Entre 16 y 30;1042
Media;Femenino;Propia;Soltero;Lejos;0;Alto;Entre 16 y 30;1714
Media;Femenino;Alquilada;Soltero;Cerca;0;Medio;Entre 16 y 30;966
Media;Masculino;Propia;Soltero;Cerca;0;Medio;Entre 8 y 15;829
Media;Femenino;Propia;Soltero;Cerca;1;Medio;Entre 3 y 7;680
Adulta;Femenino;Propia;Soltero;Cerca;0;Bajo;Entre 16 y 30;636
Joven;Femenino;Alquilada;Soltero;Lejos;3;Bajo;Entre 3 y 7;182
Media;Masculino;Alquilada;Soltero;Lejos;1;NA;Entre 16 y 30;1773
Media;Masculino;Alquilada;Casado;Lejos;1;NA;Entre 8 y 15;2902
Adulta;Masculino;Propia;Casado;Cerca;0;Bajo;Entre 3 y 7;348
Media;Femenino;Propia;Casado;Cerca;3;Bajo;Entre 8 y 15;548
Media;Femenino;Propia;Casado;Lejos;1;Alto;Entre 16 y 30;2034
Media;Masculino;Alquilada;Soltero;Lejos;0;Alto;Entre 8 y 15;2296
Joven;Masculino;Alquilada;Soltero;Cerca;0;Bajo;Entre 8 y 15;395
Adulta;Masculino;Propia;Casado;Lejos;0;Medio;Entre 8 y 15;850
Joven;Femenino;Alquilada;Soltero;Lejos;0;NA;Entre 16 y 30;512
Media;Masculino;Alquilada;Soltero;Cerca;1;Medio;Entre 16 y 30;1622
Adulta;Femenino;Alquilada;Soltero;Lejos;0;NA;Entre 8 y 15;865
Adulta;Femenino;Propia;Soltero;Cerca;0;Medio;Entre 3 y 7;673
Joven;Masculino;Alquilada;Soltero;Lejos;1;NA;Entre 8 y 15;422
Media;Femenino;Propia;Soltero;Cerca;1;NA;Entre 3 y 7;529
Media;Masculino;Propia;Soltero;Cerca;0;Alto;Entre 16 y 30;1932
Adulta;Masculino;Propia;Casado;Cerca;0;Alto;Entre 16 y 30;1853
Media;Masculino;Alquilada;Soltero;Cerca;1;NA;Entre 8 y 15;1224
Media;Femenino;Alquilada;Soltero;Lejos;1;Medio;Entre 3 y 7;666
Adulta;Femenino;Alquilada;Casado;Cerca;0;Alto;Entre 16 y 30;1685
Media;Femenino;Alquilada;Soltero;Lejos;0;Medio;Entre 16 y 30;1476
Joven;Femenino;Alquilada;Soltero;Lejos;1;Bajo;Entre 3 y 7;319
Media;Femenino;Alquilada;Soltero;Cerca;3;Bajo;Entre 16 y 30;232
Adulta;Masculino;Propia;Soltero;Cerca;0;Alto;Entre 16 y 30;1543
Media;Femenino;Alquilada;Soltero;Cerca;2;Bajo;Entre 16 y 30;506
Joven;Masculino;Alquilada;Soltero;Cerca;0;Bajo;Entre 3 y 7;172
Media;Masculino;Propia;Soltero;Lejos;1;Medio;Entre 8 y 15;1001
Media;Masculino;Alquilada;Soltero;Cerca;0;Medio;Entre 8 y 15;606
Joven;Masculino;Alquilada;Soltero;Lejos;0;Medio;Entre 8 y 15;591
Adulta;Masculino;Alquilada;Casado;Cerca;0;Alto;Entre 8 y 15;1389
Media;Masculino;Propia;Soltero;Cerca;0;Alto;Entre 16 y 30;2177
Media;Masculino;Propia;Casado;Lejos;1;Alto;Entre 16 y 30;2279
Media;Femenino;Alquilada;Casado;Cerca;1;NA;Entre 16 y 30;2702
Joven;Femenino;Alquilada;Soltero;Cerca;3;NA;Entre 3 y 7;510
Adulta;Femenino;Propia;Casado;Cerca;0;Medio;Entre 8 y 15;1047
Media;Masculino;Propia;Casado;Cerca;2;Medio;Entre 3 y 7;538
Media;Femenino;Propia;Soltero;Lejos;0;Alto;Entre 16 y 30;1546
Joven;Masculino;Alquilada;Casado;Cerca;0;Medio;Entre 3 y 7;754
Media;Masculino;Propia;Casado;Cerca;1;Alto;Entre 8 y 15;1504
Media;Masculino;Propia;Casado;Lejos;3;Alto;Entre 16 y 30;1849
Media;Femenino;Propia;Casado;Lejos;1;Alto;Entre 16 y 30;3072
Media;Masculino;Propia;Casado;Lejos;3;Alto;Entre 3 y 7;1046
Media;Femenino;Propia;Casado;Cerca;0;Alto;Entre 16 y 30;1800
Adulta;Femenino;Propia;Soltero;Cerca;3;NA;Entre 3 y 7;700
Media;Femenino;Propia;Soltero;Cerca;2;Bajo;Entre 16 y 30;514
Media;Femenino;Alquilada;Soltero;Cerca;1;NA;Entre 3 y 7;320
Joven;Masculino;Alquilada;Casado;Cerca;0;NA;Entre 16 y 30;1692
Adulta;Masculino;Alquilada;Casado;Lejos;0;Alto;Entre 16 y 30;2057
Media;Masculino;Propia;Casado;Lejos;2;Alto;Entre 16 y 30;2299
Adulta;Masculino;Propia;Soltero;Cerca;0;Alto;Entre 16 y 30;1507
Adulta;Masculino;Propia;Casado;Lejos;0;Alto;Entre 16 y 30;6217
Media;Femenino;Alquilada;Soltero;Cerca;2;Bajo;Entre 16 y 30;405
Media;Masculino;Propia;Casado;Lejos;1;Alto;Entre 16 y 30;3785
Media;Masculino;Propia;Casado;Cerca;2;NA;Entre 16 y 30;3537
Adulta;Femenino;Alquilada;Soltero;Lejos;0;Bajo;Entre 16 y 30;540
Media;Masculino;Propia;Casado;Cerca;1;NA;Entre 3 y 7;941
Media;Femenino;Propia;Casado;Lejos;0;Alto;Entre 16 y 30;5503
Joven;Masculino;Alquilada;Soltero;Cerca;0;NA;Entre 3 y 7;273
Joven;Femenino;Alquilada;Soltero;Cerca;1;NA;Entre 16 y 30;384
Media;Masculino;Alquilada;Soltero;Lejos;1;NA;Entre 16 y 30;1073
Adulta;Masculino;Propia;Soltero;Cerca;0;Medio;Entre 16 y 30;1417
Media;Masculino;Propia;Casado;Cerca;2;Medio;Entre 16 y 30;671
Joven;Masculino;Alquilada;Casado;Cerca;1;Medio;Entre 16 y 30;973
